killCount,items_dropped,total_qty,total_price,total_gp_per_kill
7,"Blue dragonhide, Red dragonhide, Rune longsword, Superior dragon bones",29,105574,105574
8,"Blue dragonhide, Chaos rune, Dragon arrowtips, Scaly blue dragonhide, Superior dragon bones",996,141796,141796
9,"Blue dragonhide, Dragon arrowtips, Manta ray, Superior dragon bones",87,152642,152642
10,"Blue dragonhide, Manta ray, Red dragonhide, Superior dragon bones",61,125792,125792
11,"Blue dragonhide, Dragon platelegs, Steel arrow, Superior dragon bones",155,187258,187258
12,"Blue dragonhide, Coins, Rune longsword, Superior dragon bones",60151,138260,138260
13,"Blue dragonhide, Dragonstone, Superior dragon bones, Wrath rune",42,54244,54244
14,"Adamantite ore, Blue dragonhide, Superior dragon bones, Torstol seed",28,52160,52160
15,"Blue dragonhide, Chaos rune, Superior dragon bones",730,122666,122666
16,"Adamantite ore, Blue dragonhide, Rune longsword, Superior dragon bones",23,77315,77315
17,"Black dragonhide, Blue dragonhide, Death rune, Superior dragon bones",452,144314,144314
18,"Blue dragonhide, Dragonstone, Green dragonhide, Superior dragon bones",36,91746,91746
19,"Black dragonhide, Blue dragonhide, Rune dart tip, Superior dragon bones",128,142876,142876
20,"Blue dragonhide, Dragon arrowtips, Red dragonhide, Superior dragon bones",50,95776,95776
21,"Blue dragonhide, Coins, Runite bar, Superior dragon bones",44738,80226,80226
22,"Battlestaff, Blue dragonhide, Dragonstone bolt tips, Superior dragon bones",39,124035,124035
23,"Black dragonhide, Blue dragonhide, Dragon battleaxe, Superior dragon bones",27,204113,204113
24,"Blue dragonhide, Dragon bones, Superior dragon bones, Wrath rune",70,97759,97759
25,"Blue dragonhide, Rune longsword, Superior dragon bones, Wrath rune",48,69804,69804
26,"Blue dragonhide, Death rune, Superior dragon bones",501,120367,120367
27,"Blue dragonhide, Grapes, Onyx bolt tips, Superior dragon bones",309,109343,109343
28,"Blue dragonhide, Chaos rune, Onyx bolt tips, Superior dragon bones",797,142874,142874
29,"Black dragonhide, Blue dragonhide, Red dragonhide, Superior dragon bones",49,130742,130742
30,"Adamantite ore, Blue dragonhide, Magic logs, Superior dragon bones",75,92796,92796
31,"Blue dragonhide, Dragon plateskirt, Rune kiteshield, Superior dragon bones",7,248406,248406
32,"Blue dragonhide, Diamond, Red dragonhide, Superior dragon bones",41,91353,91353
33,"Blue dragonhide, Red dragonhide, Superior dragon bones",48,110498,110498
34,"Battlestaff, Blue dragonhide, Diamond, Superior dragon bones",24,105698,105698
35,"Blue dragonhide, Magic seed, Superior dragon bones, Wrath rune",65,109681,109681
36,"Blue dragonhide, Dragonstone bolt tips, Green dragonhide, Superior dragon bones",46,63844,63844
37,"Blue dragonhide, Red dragonhide, Rune kiteshield, Superior dragon bones",29,161628,161628
38,"Blue dragonhide, Death rune, Papaya tree seed, Superior dragon bones",313,62353,62353
39,"Blue dragonhide, Dragon bolts (unf), Red dragonhide, Superior dragon bones",119,126472,126472
40,"Black dragonhide, Blue dragonhide, Onyx bolt tips, Superior dragon bones",36,151541,151541
41,"Blue dragonhide, Red dragonhide, Superior dragon bones",52,105456,105456
42,"Blue dragonhide, Green dragonhide, Red dragonhide, Superior dragon bones",54,100702,100702
43,"Blue dragonhide, Dragon dart tip, Palm tree seed, Superior dragon bones",41,88268,88268
44,"Black dragonhide, Blue dragonhide, Dragonstone bolt tips, Superior dragon bones",51,105782,105782
45,"Blue dragonhide, Coins, Rune longsword, Superior dragon bones",53289,131575,131575
46,"Blue dragonhide, Coins, Diamond bolt tips, Scaly blue dragonhide, Superior dragon bones",79356,107331,107331
47,"Blue dragonhide, Rune kiteshield, Rune longsword, Superior dragon bones",9,156342,156342
48,"Black dragonhide, Blue dragonhide, Dragon platelegs, Superior dragon bones",26,243831,243831
49,"Blue dragonhide, Dragonstone bolt tips, Superior dragon bones, Tooth half of key",27,45908,45908
50,"Adamantite ore, Blue dragonhide, Dragon arrowtips, Superior dragon bones, Vorkath's head",71,100600,100600
51,"Blue dragonhide, Dragon bolts (unf), Superior dragon bones",136,104146,104146
52,"Blue dragonhide, Dragon bolts (unf), Superior dragon bones",132,101690,101690
53,"Adamantite ore, Blue dragonhide, Onyx bolt tips, Superior dragon bones",34,96976,96976
54,"Blue dragonhide, Red dragonhide, Superior dragon bones",56,113110,113110
55,"Blue dragonhide, Emerald bolt tips, Rune longsword, Superior dragon bones",33,80433,80433
56,"Blue dragonhide, Dragonstone, Green dragonhide, Superior dragon bones",31,75772,75772
57,"Blue dragonhide, Chaos rune, Sapphire bolt tips, Superior dragon bones",943,95569,95569
58,"Blue dragonhide, Dragon bolts (unf), Red dragonhide, Scaly blue dragonhide, Superior dragon bones",122,128574,128574
59,"Blue dragonhide, Rune longsword, Superior dragon bones",36,106072,106072
60,"Blue dragonhide, Dragonstone bolt tips, Snapdragon seed, Superior dragon bones",27,67377,67377
61,"Black dragonhide, Blue dragonhide, Dragon battleaxe, Superior dragon bones",28,205870,205870
62,"Blue dragonhide, Diamond, Magic logs, Superior dragon bones",72,99892,99892
63,"Blue dragonhide, Dragonstone, Green dragonhide, Superior dragon bones",34,89025,89025
64,"Blue dragonhide, Diamond, Rune dart tip, Superior dragon bones",116,94428,94428
65,"Blue dragonhide, Rune dart tip, Superior dragon bones, Torstol seed",105,77891,77891
66,"Blue dragonhide, Death rune, Dragon plateskirt, Superior dragon bones",459,242145,242145
67,"Adamantite ore, Blue dragonhide, Dragonstone, Scaly blue dragonhide, Superior dragon bones",20,58086,58086
68,"Adamantite ore, Blue dragonhide, Superior dragon bones",58,87338,87338
69,"Blue dragonhide, Dragon bolts (unf), Superior dragon bones, Torstol seed",85,74523,74523
70,"Black dragonhide, Blue dragonhide, Death rune, Superior dragon bones",485,135722,135722
71,"Blue dragonhide, Grapes, Superior dragon bones, Wrath talisman",295,25270,25270
72,"Battlestaff, Blue dragonhide, Superior dragon bones, Wrath talisman",17,117750,117750
73,"Adamantite ore, Blue dragonhide, Green dragonhide, Superior dragon bones",54,75632,75632
74,"Blue dragonhide, Rune dart tip, Superior dragon bones",119,101198,101198
75,"Black dragonhide, Blue dragonhide, Onyx bolt tips, Superior dragon bones",27,124702,124702
76,"Blue dragonhide, Chaos rune, Coins, Scaly blue dragonhide, Superior dragon bones",38589,121467,121467
77,"Blue dragonhide, Dragon dart tip, Dragonstone bolt tips, Superior dragon bones",69,90878,90878
78,"Blue dragonhide, Dragon arrowtips, Superior dragon bones",70,109240,109240
79,"Blue dragonhide, Coins, Loop half of key, Scaly blue dragonhide, Superior dragon bones",67698,99410,99410
80,"Blue dragonhide, Dragon dart tip, Onyx bolt tips, Superior dragon bones",48,141161,141161
81,"Black dragonhide, Blue dragonhide, Rune dart tip, Superior dragon bones",106,113742,113742
82,"Black dragonhide, Blue dragonhide, Coins, Superior dragon bones",3029,92402,92402
83,"Blue dragonhide, Diamond, Dragon battleaxe, Superior dragon bones",25,174207,174207
84,"Blue dragonhide, Dragonstone, Dragonstone bolt tips, Superior dragon bones",25,65774,65774
85,"Blue dragonhide, Dragon plateskirt, Rune dart tip, Superior dragon bones",98,227018,227018
86,"Adamantite ore, Blue dragonhide, Green dragonhide, Superior dragon bones",50,72292,72292
87,"Blue dragonhide, Manta ray, Scaly blue dragonhide, Superior dragon bones",80,147785,147785
88,"Blue dragonhide, Dragonstone, Manta ray, Superior dragon bones",46,116620,116620
89,"Blue dragonhide, Green dragonhide, Superior dragon bones, Wrath rune",76,65535,65535
90,"Blue dragonhide, Rune arrow, Superior dragon bones, Wrath talisman",47,26550,26550
91,"Blue dragonhide, Dragon bones, Dragonstone, Scaly blue dragonhide, Superior dragon bones",24,98239,98239
92,"Blue dragonhide, Coins, Dragon bolts (unf), Superior dragon bones",75613,142544,142544
93,"Blue dragonhide, Dragon battleaxe, Ruby bolt tips, Superior dragon bones",30,144411,144411
94,"Blue dragonhide, Dragon bolts (unf), Rune dart tip, Superior dragon bones",183,117194,117194
95,"Adamantite ore, Blue dragonhide, Rune kiteshield, Superior dragon bones",17,126452,126452
96,"Blue dragonhide, Chaos rune, Green dragonhide, Superior dragon bones",942,118306,118306
97,"Blue dragonhide, Ranarr seed, Superior dragon bones",33,86496,86496
98,"Blue dragonhide, Diamond, Dragonstone bolt tips, Superior dragon bones",38,59129,59129
99,"Blue dragonhide, Dragon battleaxe, Onyx bolt tips, Scaly blue dragonhide, Superior dragon bones",12,192819,192819
100,"Blue dragonhide, Grapes, Rune dart tip, Superior dragon bones",396,68836,68836
101,"Battlestaff, Blue dragonhide, Superior dragon bones, Watermelon seed",27,85892,85892
102,"Blue dragonhide, Dragon bones, Ruby bolt tips, Superior dragon bones",49,87147,87147
103,"Black dragonhide, Blue dragonhide, Superior dragon bones, Torstol seed",24,78664,78664
104,"Blue dragonhide, Coins, Dragonstone, Superior dragon bones",38899,83513,83513
105,"Blue dragonhide, Diamond, Dragon dart tip, Superior dragon bones",47,82876,82876
106,"Blue dragonhide, Dragon platelegs, Dragon plateskirt, Superior dragon bones",6,343917,343917
107,"Blue dragonhide, Green dragonhide, Onyx bolt tips, Scaly blue dragonhide, Superior dragon bones",43,132262,132262
108,"Blue dragonhide, Dragon longsword, Dragonstone bolt tips, Superior dragon bones",29,94409,94409
109,"Adamantite ore, Blue dragonhide, Manta ray, Superior dragon bones",72,127624,127624
110,"Blue dragonhide, Chaos rune, Onyx bolt tips, Scaly blue dragonhide, Superior dragon bones",830,162340,162340
111,"Blue dragonhide, Dragon plateskirt, Magic logs, Superior dragon bones",55,229688,229688
112,"Battlestaff, Blue dragonhide, Magic logs, Superior dragon bones",66,163528,163528
113,"Blue dragonhide, Death rune, Dragonstone bolt tips, Scaly blue dragonhide, Superior dragon bones",492,92626,92626
114,"Adamantite ore, Battlestaff, Blue dragonhide, Superior dragon bones",45,159377,159377
115,"Blue dragonhide, Dragon dart tip, Superior dragon bones",60,96973,96973
116,"Blue dragonhide, Dragon dart tip, Dragonstone, Superior dragon bones",52,100582,100582
117,"Blue dragonhide, Dragon dart tip, Superior dragon bones, Wrath rune",62,61450,61450
118,"Blue dragonhide, Snapdragon seed, Superior dragon bones, Wrath talisman",6,53487,53487
119,"Blue dragonhide, Chaos rune, Rune longsword, Superior dragon bones",871,118453,118453
120,"Blue dragonhide, Dragonstone bolt tips, Red dragonhide, Scaly blue dragonhide, Superior dragon bones",50,76156,76156
121,"Blue dragonhide, Death rune, Grapes, Superior dragon bones",666,74788,74788
122,"Blue dragonhide, Dragonstone bolt tips, Superior dragon bones",47,70394,70394
123,"Blue dragonhide, Onyx bolt tips, Superior dragon bones",35,109584,109584
124,"Blue dragonhide, Dragon longsword, Superior dragon bones, Torstol seed",6,87050,87050
125,"Blue dragonhide, Dragon bones, Onyx bolt tips, Superior dragon bones",31,144037,144037
126,"Blue dragonhide, Dragonstone bolt tips, Green dragonhide, Superior dragon bones",58,68794,68794
127,"Adamantite ore, Blue dragonhide, Rune kiteshield, Scaly blue dragonhide, Superior dragon bones",21,129779,129779
128,"Blue dragonhide, Dragonstone, Dragonstone bolt tips, Superior dragon bones",25,65037,65037
129,"Blue dragonhide, Manta ray, Superior dragon bones",82,158721,158721
130,"Black dragonhide, Blue dragonhide, Scaly blue dragonhide, Snapdragon seed, Superior dragon bones",31,119339,119339
131,"Blue dragonhide, Dragon bones, Superior dragon bones, Wrath rune",63,86799,86799
132,"Blue dragonhide, Chaos rune, Dragon arrowtips, Superior dragon bones",720,121566,121566
133,"Blue dragonhide, Dragon arrowtips, Dragon dart tip, Superior dragon bones",76,109511,109511
134,"Blue dragonhide, Dragonstone bolt tips, Superior dragon bones",51,47505,47505
135,"Blue dragonhide, Dragonstone bolt tips, Superior dragon bones, Willow seed",16,27298,27298
136,"Blue dragonhide, Coins, Dragon dart tip, Superior dragon bones",22315,84765,84765
137,"Blue dragonhide, Dragonstone bolt tips, Magic logs, Scaly blue dragonhide, Superior dragon bones",69,73616,73616
138,"Blue dragonhide, Coins, Superior dragon bones",3033,62028,62028
139,"Blue dragonhide, Snapdragon seed, Superior dragon bones, Wrath rune",56,63952,63952
140,"Blue dragonhide, Coins, Dragon arrowtips, Superior dragon bones",59120,124820,124820
141,"Blue dragonhide, Dragon bolts (unf), Red dragonhide, Superior dragon bones",84,100206,100206
142,"Blue dragonhide, Coins, Grapes, Scaly blue dragonhide, Superior dragon bones",3297,25530,25530
143,"Blue dragonhide, Magic logs, Rune longsword, Superior dragon bones",56,101962,101962
144,"Adamantite ore, Battlestaff, Blue dragonhide, Superior dragon bones",39,116117,116117
145,"Blue dragonhide, Chaos rune, Superior dragon bones",939,109614,109614
146,"Adamantite ore, Blue dragonhide, Rune longsword, Scaly blue dragonhide, Superior dragon bones",25,75366,75366
147,"Blue dragonhide, Dragon bolts (unf), Red dragonhide, Superior dragon bones",112,115242,115242
148,"Blue dragonhide, Death rune, Dragon battleaxe, Superior dragon bones, Vorkath's head",478,193939,193939
149,"Blue dragonhide, Dragon bolts (unf), Magic logs, Superior dragon bones",123,109531,109531
150,"Black dragonhide, Blue dragonhide, Onyx bolt tips, Superior dragon bones",55,312029,312029
151,"Blue dragonhide, Dragon bones, Manta ray, Superior dragon bones",74,161728,161728
152,"Adamantite ore, Blue dragonhide, Superior dragon bones",51,76418,76418
153,"Blue dragonhide, Diamond, Red dragonhide, Superior dragon bones",43,89463,89463
154,"Blue dragonhide, Rune kiteshield, Superior dragon bones",33,120694,120694
155,"Blue dragonhide, Death rune, Dragon bones, Superior dragon bones, Vorkath's head",359,108932,108932
156,"Adamantite ore, Blue dragonhide, Dragon battleaxe, Superior dragon bones",17,151423,151423
157,"Blue dragonhide, Dragon platelegs, Superior dragon bones, Tooth half of key",6,191748,191748
158,"Blue dragonhide, Rune dart tip, Superior dragon bones, Tooth half of key",101,73093,73093
159,"Blue dragonhide, Loop half of key, Magic logs, Superior dragon bones",55,74925,74925
160,"Black dragonhide, Blue dragonhide, Manta ray, Superior dragon bones",74,156562,156562
161,"Adamantite ore, Blue dragonhide, Manta ray, Superior dragon bones, Vorkath's head",74,111442,111442
162,"Battlestaff, Blue dragonhide, Dragonstone bolt tips, Superior dragon bones",36,149094,149094
163,"Blue dragonhide, Dragon battleaxe, Grapes, Scaly blue dragonhide, Superior dragon bones",256,140489,140489
164,"Blue dragonhide, Dragon dart tip, Dragonstone bolt tips, Superior dragon bones",68,81983,81983
165,"Blue dragonhide, Dragon platelegs, Manta ray, Superior dragon bones",58,265159,265159
166,"Blue dragonhide, Death rune, Grapes, Superior dragon bones",731,73667,73667
167,"Battlestaff, Blue dragonhide, Coins, Scaly blue dragonhide, Superior dragon bones",76952,176957,176957
168,"Blue dragonhide, Dragon longsword, Dragonstone bolt tips, Superior dragon bones",26,91414,91414
169,"Blue dragonhide, Death rune, Dragonstone bolt tips, Superior dragon bones",450,81334,81334
170,"Blue dragonhide, Dragon plateskirt, Red dragonhide, Superior dragon bones",29,225428,225428
171,"Blue dragonhide, Green dragonhide, Rune longsword, Superior dragon bones",33,106384,106384
172,"Blue dragonhide, Dragon bones, Dragonstone bolt tips, Superior dragon bones",37,85663,85663
173,"Black dragonhide, Blue dragonhide, Rune kiteshield, Superior dragon bones",28,171196,171196
174,"Blue dragonhide, Diamond, Dragon dart tip, Superior dragon bones",36,68258,68258
175,"Blue dragonhide, Dragon bolts (unf), Grapes, Superior dragon bones",321,64052,64052
176,"Blue dragonhide, Chaos rune, Superior dragon bones",882,108132,108132
177,"Blue dragonhide, Dragonstone bolt tips, Manta ray, Superior dragon bones",62,106296,106296
178,"Blue dragonhide, Magic logs, Red dragonhide, Superior dragon bones",74,102518,102518
179,"Blue dragonhide, Dragon bolts (unf), Superior dragon bones",194,139058,139058
180,"Blue dragonhide, Rune dart tip, Scaly blue dragonhide, Superior dragon bones, Wrath rune",127,63855,63855
181,"Blue dragonhide, Manta ray, Onyx bolt tips, Superior dragon bones",44,126638,126638
182,"Black dragonhide, Blue dragonhide, Superior dragon bones, Wrath rune",78,87311,87311
183,"Blue dragonhide, Dragon plateskirt, Superior dragon bones",30,217060,217060
184,"Black dragonhide, Blue dragonhide, Red dragonhide, Superior dragon bones",44,108248,108248
185,"Blue dragonhide, Coins, Superior dragon bones, Wrath rune",46600,74340,74340
186,"Blue dragonhide, Chaos rune, Coins, Superior dragon bones",77342,151746,151746
187,"Blue dragonhide, Dragon plateskirt, Onyx bolt tips, Superior dragon bones",11,231214,231214
188,"Battlestaff, Blue dragonhide, Coins, Superior dragon bones",3017,126314,126314
189,"Blue dragonhide, Chaos rune, Dragonstone, Scaly blue dragonhide, Superior dragon bones",960,112155,112155
190,"Blue dragonhide, Dragon bolts (unf), Dragonstone bolt tips, Superior dragon bones",70,58456,58456
191,"Blue dragonhide, Diamond, Superior dragon bones, Wrath talisman",20,42387,42387
192,"Blue dragonhide, Dragon plateskirt, Manta ray, Superior dragon bones",56,268984,268984
193,"Blue dragonhide, Coins, Dragon dart tip, Superior dragon bones",39377,91080,91080
194,"Blue dragonhide, Red dragonhide, Superior dragon bones, Wrath rune",80,69620,69620
195,"Blue dragonhide, Green dragonhide, Ruby bolt tips, Superior dragon bones",57,52383,52383
196,"Adamantite ore, Blue dragonhide, Red dragonhide, Superior dragon bones",54,90275,90275
197,"Blue dragonhide, Grapes, Rune kiteshield, Superior dragon bones",303,85486,85486
198,"Battlestaff, Blue dragonhide, Chaos rune, Superior dragon bones",797,170187,170187
199,"Black dragonhide, Blue dragonhide, Dragon arrowtips, Superior dragon bones",62,106688,106688
200,"Blue dragonhide, Dragon battleaxe, Green dragonhide, Superior dragon bones",33,171174,171174
201,"Blue dragonhide, Coins, Dragon bones, Superior dragon bones",77647,147259,147259
202,"Adamantite ore, Black dragonhide, Blue dragonhide, Superior dragon bones",42,81774,81774
203,"Adamantite ore, Blue dragonhide, Superior dragon bones, Tooth half of key",31,54176,54176
204,"Blue dragonhide, Dragon dart tip, Dragonstone, Superior dragon bones",47,93328,93328
205,"Blue dragonhide, Dragon bolts (unf), Magic logs, Superior dragon bones",125,105139,105139
206,"Blue dragonhide, Dragon arrowtips, Grapes, Superior dragon bones",312,59552,59552
207,"Blue dragonhide, Coins, Green dragonhide, Superior dragon bones",34668,89408,89408
208,"Blue dragonhide, Dragon dart tip, Dragonstone bolt tips, Superior dragon bones",50,70108,70108
209,"Black dragonhide, Blue dragonhide, Death rune, Superior dragon bones",517,137016,137016
210,"Black dragonhide, Blue dragonhide, Ranarr seed, Superior dragon bones",22,90109,90109
211,"Blue dragonhide, Chaos rune, Snapdragon seed, Superior dragon bones",662,91426,91426
212,"Black dragonhide, Blue dragonhide, Dragon dart tip, Superior dragon bones, Vorkath's head",50,108792,108792
213,"Blue dragonhide, Rune kiteshield, Rune longsword, Superior dragon bones",8,120184,120184
214,"Blue dragonhide, Manta ray, Rune longsword, Superior dragon bones",42,116658,116658
215,"Battlestaff, Blue dragonhide, Grapes, Superior dragon bones",276,85234,85234
216,"Battlestaff, Blue dragonhide, Rune longsword, Superior dragon bones",14,120950,120950
217,"Black dragonhide, Blue dragonhide, Dragon plateskirt, Superior dragon bones",21,221823,221823
218,"Blue dragonhide, Coins, Dragonstone bolt tips, Superior dragon bones",66593,97319,97319
219,"Blue dragonhide, Manta ray, Superior dragon bones, Uncut sapphire",44,92822,92822
220,"Blue dragonhide, Dragon bolts (unf), Green dragonhide, Superior dragon bones",91,88735,88735
221,"Blue dragonhide, Chaos rune, Superior dragon bones",1434,107698,107698
222,"Battlestaff, Blue dragonhide, Snapdragon seed, Superior dragon bones",13,115226,115226
223,"Blue dragonhide, Chaos rune, Dragon dart tip, Superior dragon bones",1024,119485,119485
224,"Blue dragonhide, Dragon dart tip, Emerald bolt tips, Superior dragon bones",71,72962,72962
225,"Blue dragonhide, Dragon bolts (unf), Onyx bolt tips, Superior dragon bones",101,136444,136444
226,"Black dragonhide, Blue dragonhide, Rune kiteshield, Superior dragon bones",28,170918,170918
227,"Blue dragonhide, Manta ray, Red dragonhide, Superior dragon bones",74,149568,149568
228,"Blue dragonhide, Chaos rune, Dragon platelegs, Superior dragon bones",678,221632,221632
229,"Blue dragonhide, Dragon arrowtips, Dragonstone bolt tips, Superior dragon bones",75,86875,86875
230,"Blue dragonhide, Diamond, Green dragonhide, Superior dragon bones",45,73929,73929
231,"Blue dragonhide, Coins, Emerald bolt tips, Superior dragon bones",70079,91855,91855
232,"Battlestaff, Blue dragonhide, Onyx bolt tips, Superior dragon bones",20,149591,149591
233,"Blue dragonhide, Coins, Dragon bolts (unf), Superior dragon bones",3071,65742,65742
234,"Battlestaff, Blue dragonhide, Dragon dart tip, Superior dragon bones",54,170062,170062
235,"Blue dragonhide, Dragon bolts (unf), Snapdragon seed, Superior dragon bones",73,93923,93923
236,"Blue dragonhide, Diamond, Superior dragon bones, Wrath rune",84,65652,65652
237,"Adamantite ore, Blue dragonhide, Rune longsword, Superior dragon bones",18,68428,68428
238,"Blue dragonhide, Dragonstone, Onyx bolt tips, Superior dragon bones",14,112231,112231
239,"Blue dragonhide, Coins, Dragon bolts (unf), Superior dragon bones",30950,83966,83966
240,"Blue dragonhide, Coins, Dragon battleaxe, Scaly blue dragonhide, Superior dragon bones",73338,213775,213775
241,"Blue dragonhide, Death rune, Dragon bones, Superior dragon bones",365,120388,120388
242,"Blue dragonhide, Dragon platelegs, Rune longsword, Superior dragon bones",8,236369,236369
243,"Blue dragonhide, Dragon battleaxe, Magic seed, Superior dragon bones",6,202529,202529
244,"Blue dragonhide, Manta ray, Onyx bolt tips, Superior dragon bones",56,184350,184350
245,"Black dragonhide, Blue dragonhide, Rune dart tip, Superior dragon bones",106,94250,94250
246,"Black dragonhide, Blue dragonhide, Dragon platelegs, Superior dragon bones",26,235562,235562
247,"Adamantite ore, Blue dragonhide, Green dragonhide, Superior dragon bones",53,71942,71942
248,"Blue dragonhide, Death rune, Red dragonhide, Superior dragon bones",427,104416,104416
249,"Battlestaff, Blue dragonhide, Onyx bolt tips, Superior dragon bones",22,166949,166949
250,"Blue dragonhide, Death rune, Superior dragon bones, Wrath rune",436,74992,74992
251,"Blue dragonhide, Onyx bolt tips, Superior dragon bones, Tooth half of key",11,80401,80401
252,"Blue dragonhide, Manta ray, Superior dragon bones",65,123049,123049
253,"Blue dragonhide, Magic logs, Rune longsword, Superior dragon bones",56,100476,100476
254,"Blue dragonhide, Death rune, Dragon arrowtips, Superior dragon bones",499,120612,120612
255,"Battlestaff, Blue dragonhide, Dragon bolts (unf), Superior dragon bones",94,150422,150422
256,"Adamantite ore, Blue dragonhide, Superior dragon bones, Wrath rune",66,42551,42551
257,"Adamantite ore, Blue dragonhide, Superior dragon bones",60,84326,84326
258,"Blue dragonhide, Green dragonhide, Magic logs, Superior dragon bones",84,99610,99610
259,"Blue dragonhide, Magic logs, Superior dragon bones",80,101086,101086
260,"Blue dragonhide, Dragon bones, Dragon dart tip, Superior dragon bones",62,122608,122608
261,"Blue dragonhide, Rune longsword, Superior dragon bones, Torstol seed",7,63093,63093
262,"Blue dragonhide, Green dragonhide, Magic logs, Superior dragon bones",83,98445,98445
263,"Blue dragonhide, Dragon bones, Superior dragon bones",48,111770,111770
264,"Black dragonhide, Blue dragonhide, Chaos rune, Superior dragon bones",724,116669,116669
265,"Blue dragonhide, Dragonstone, Superior dragon bones",32,78440,78440
266,"Blue dragonhide, Diamond, Scaly blue dragonhide, Superior dragon bones",50,87196,87196
267,"Blue dragonhide, Chaos rune, Dragon bolts (unf), Superior dragon bones",1044,118304,118304
268,"Blue dragonhide, Dragon bolts (unf), Rune longsword, Superior dragon bones",76,101024,101024
269,"Blue dragonhide, Dragon dart tip, Ruby bolt tips, Superior dragon bones",56,54643,54643
270,"Blue dragonhide, Dragonstone bolt tips, Superior dragon bones",47,68820,68820
271,"Battlestaff, Blue dragonhide, Chaos rune, Superior dragon bones",704,140036,140036
272,"Blue dragonhide, Manta ray, Superior dragon bones",74,136201,136201
273,"Blue dragonhide, Clue scroll (elite), Coins, Dragon dart tip, Superior dragon bones",58617,91538,91538
274,"Adamantite ore, Blue dragonhide, Manta ray, Scaly blue dragonhide, Superior dragon bones",73,130568,130568
275,"Blue dragonhide, Chaos rune, Dragon dart tip, Superior dragon bones",802,96684,96684
276,"Blue dragonhide, Magic logs, Superior dragon bones",80,101490,101490
277,"Blue dragonhide, Rune longsword, Scaly blue dragonhide, Snapdragon seed, Superior dragon bones",8,89025,89025
278,"Blue dragonhide, Green dragonhide, Superior dragon bones, Wrath talisman",34,54192,54192
279,"Adamantite ore, Battlestaff, Blue dragonhide, Superior dragon bones",42,139336,139336
280,"Adamantite ore, Blue dragonhide, Coins, Superior dragon bones",27559,70545,70545
281,"Blue dragonhide, Celastrus seed, Coins, Superior dragon bones",44924,124968,124968
282,"Adamantite ore, Blue dragonhide, Rune dart tip, Superior dragon bones",116,78108,78108
283,"Battlestaff, Blue dragonhide, Rune longsword, Superior dragon bones",16,148216,148216
284,"Blue dragonhide, Dragonstone, Superior dragon bones, Wrath talisman",8,53872,53872
285,"Blue dragonhide, Diamond, Superior dragon bones, Wrath talisman",15,36592,36592
286,"Blue dragonhide, Grapes, Superior dragon bones",514,24382,24382
287,"Blue dragonhide, Coins, Dragon dart tip, Superior dragon bones",71395,105590,105590
288,"Battlestaff, Blue dragonhide, Onyx bolt tips, Superior dragon bones",18,135470,135470
289,"Blue dragonhide, Dragon platelegs, Red dragonhide, Superior dragon bones",27,225058,225058
290,"Black dragonhide, Blue dragonhide, Magic logs, Scaly blue dragonhide, Superior dragon bones",72,109994,109994
291,"Blue dragonhide, Dragon dart tip, Grapes, Superior dragon bones",349,79448,79448
292,"Blue dragonhide, Magic logs, Red dragonhide, Superior dragon bones",78,112352,112352
293,"Blue dragonhide, Mahogany seed, Superior dragon bones, Torstol seed",6,28421,28421
294,"Blue dragonhide, Diamond, Manta ray, Scaly blue dragonhide, Superior dragon bones",63,127157,127157
295,"Blue dragonhide, Manta ray, Superior dragon bones, Vorkath's head",82,154692,154692
296,"Blue dragonhide, Green dragonhide, Superior dragon bones",34,56198,56198
297,"Blue dragonhide, Onyx bolt tips, Rune kiteshield, Superior dragon bones",35,351826,351826
298,"Black dragonhide, Blue dragonhide, Superior dragon bones",27,81320,81320
299,"Blue dragonhide, Dragon bones, Dragon plateskirt, Superior dragon bones",23,236074,236074
300,"Adamantite ore, Blue dragonhide, Superior dragon bones, Wrath rune",73,51311,51311
301,"Adamantite ore, Blue dragonhide, Magic logs, Superior dragon bones",77,86386,86386
302,"Battlestaff, Blue dragonhide, Coins, Superior dragon bones",31096,155863,155863
303,"Blue dragonhide, Red dragonhide, Superior dragon bones, Wrath rune",83,79975,79975
304,"Blue dragonhide, Dragonstone bolt tips, Manta ray, Superior dragon bones",75,129058,129058
305,"Blue dragonhide, Dragon dart tip, Manta ray, Superior dragon bones",95,159528,159528
306,"Black dragonhide, Blue dragonhide, Chaos rune, Superior dragon bones",905,125759,125759
307,"Blue dragonhide, Dragonstone, Magic logs, Superior dragon bones",57,98104,98104
308,"Blue dragonhide, Onyx bolt tips, Rune battleaxe, Scaly blue dragonhide, Superior dragon bones",14,112687,112687
309,"Blue dragonhide, Dragonstone bolt tips, Superior dragon bones",52,73118,73118
310,"Blue dragonhide, Dragon arrowtips, Red dragonhide, Scaly blue dragonhide, Superior dragon bones",56,94371,94371
311,"Adamantite ore, Blue dragonhide, Onyx bolt tips, Superior dragon bones",42,123812,123812
312,"Blue dragonhide, Dragon bones, Magic logs, Scaly blue dragonhide, Superior dragon bones",71,113682,113682
313,"Black dragonhide, Blue dragonhide, Grapes, Scaly blue dragonhide, Superior dragon bones",317,78416,78416
314,"Blue dragonhide, Dragonstone bolt tips, Scaly blue dragonhide, Snapdragon seed, Superior dragon bones",18,59936,59936
315,"Blue dragonhide, Magic logs, Red dragonhide, Superior dragon bones",76,108328,108328
316,"Blue dragonhide, Dragonstone bolt tips, Superior dragon bones, Wrath talisman",24,30838,30838
317,"Blue dragonhide, Chaos rune, Rune dart tip, Superior dragon bones",1032,113108,113108
318,"Blue dragonhide, Green dragonhide, Magic logs, Superior dragon bones",84,101076,101076
319,"Blue dragonhide, Dragon battleaxe, Grapes, Superior dragon bones",268,141895,141895
320,"Blue dragonhide, Dragon arrowtips, Red dragonhide, Superior dragon bones",65,107851,107851
321,"Black dragonhide, Blue dragonhide, Dragon bolts (unf), Superior dragon bones",104,121796,121796
322,"Blue dragonhide, Dragonstone bolt tips, Manta ray, Superior dragon bones",86,127436,127436
323,"Blue dragonhide, Green dragonhide, Rune kiteshield, Superior dragon bones",36,146703,146703
324,"Blue dragonhide, Green dragonhide, Rune kiteshield, Superior dragon bones",32,111814,111814
325,"Blue dragonhide, Death rune, Red dragonhide, Superior dragon bones",443,115093,115093
326,"Blue dragonhide, Chaos rune, Superior dragon bones, Tooth half of key",789,77988,77988
327,"Blue dragonhide, Dragon bones, Snapdragon seed, Superior dragon bones",22,104075,104075
328,"Blue dragonhide, Grapes, Rune dart tip, Superior dragon bones",372,58188,58188
329,"Blue dragonhide, Diamond, Dragon bones, Superior dragon bones",35,92811,92811
330,"Blue dragonhide, Chaos rune, Dragon longsword, Superior dragon bones",727,120981,120981
331,"Blue dragonhide, Diamond, Rune longsword, Superior dragon bones",21,96309,96309
332,"Adamantite ore, Blue dragonhide, Snapdragon seed, Superior dragon bones",24,73687,73687
333,"Blue dragonhide, Death rune, Diamond bolt tips, Superior dragon bones",389,64885,64885
334,"Blue dragonhide, Coins, Dragon battleaxe, Superior dragon bones",33914,173878,173878
335,"Blue dragonhide, Dragon dart tip, Dragonfruit tree seed, Superior dragon bones",55,248534,248534
336,"Blue dragonhide, Rune kiteshield, Superior dragon bones, Torstol seed",7,91353,91353
337,"Blue dragonhide, Dragon dart tip, Grapes, Superior dragon bones",307,52667,52667
338,"Blue dragonhide, Dragon bones, Superior dragon bones",46,101986,101986
339,"Blue dragonhide, Dragonstone, Grapes, Superior dragon bones",304,55639,55639
340,"Blue dragonhide, Coins, Diamond, Superior dragon bones",49819,92227,92227
341,"Blue dragonhide, Chaos rune, Onyx bolt tips, Superior dragon bones",804,143971,143971
342,"Blue dragonhide, Loop half of key, Rune dart tip, Superior dragon bones",94,65580,65580
343,"Blue dragonhide, Dragonstone bolt tips, Superior dragon bones, Wrath rune",51,34827,34827
344,"Blue dragonhide, Dragon plateskirt, Dragonstone, Superior dragon bones",8,215659,215659
345,"Blue dragonhide, Onyx bolt tips, Red dragonhide, Superior dragon bones",35,127037,127037
346,"Blue dragonhide, Coins, Rune longsword, Superior dragon bones",44590,102400,102400
347,"Adamantite ore, Blue dragonhide, Green dragonhide, Superior dragon bones",55,75972,75972
348,"Adamantite ore, Blue dragonhide, Green dragonhide, Superior dragon bones",42,63127,63127
349,"Blue dragonhide, Dragon battleaxe, Dragon bolts (unf), Superior dragon bones",63,176812,176812
350,"Blue dragonhide, Dragon plateskirt, Superior dragon bones",6,343982,343982
351,"Blue dragonhide, Dragon dart tip, Rune kiteshield, Superior dragon bones",16,96384,96384
352,"Blue dragonhide, Dragonstone bolt tips, Magic logs, Superior dragon bones",78,77672,77672
353,"Blue dragonhide, Death rune, Rune kiteshield, Superior dragon bones",366,124864,124864
354,"Adamantite ore, Blue dragonhide, Coins, Superior dragon bones",66755,101547,101547
355,"Blue dragonhide, Dragon bolts (unf), Rune kiteshield, Scaly blue dragonhide, Superior dragon bones",98,142545,142545
356,"Blue dragonhide, Manta ray, Rune longsword, Superior dragon bones",59,151431,151431
357,"Blue dragonhide, Coins, Grapes, Superior dragon bones",29799,52177,52177
358,"Blue dragonhide, Coins, Dragon bolts (unf), Superior dragon bones",3095,80482,80482
359,"Blue dragonhide, Rune longsword, Superior dragon bones",34,99308,99308
360,"Blue dragonhide, Death rune, Rune kiteshield, Superior dragon bones",376,158039,158039
361,"Blue dragonhide, Death rune, Dragon bones, Superior dragon bones",434,123106,123106
362,"Blue dragonhide, Chaos rune, Dragon plateskirt, Superior dragon bones",790,232082,232082
363,"Blue dragonhide, Magic logs, Superior dragon bones",80,104580,104580
364,"Blue dragonhide, Dragon bolts (unf), Superior dragon bones",114,113006,113006
365,"Blue dragonhide, Red dragonhide, Superior dragon bones",58,112550,112550
366,"Blue dragonhide, Dragonstone bolt tips, Ruby bolt tips, Superior dragon bones",42,28846,28846
367,"Blue dragonhide, Green dragonhide, Red dragonhide, Superior dragon bones",59,105670,105670
368,"Black dragonhide, Blue dragonhide, Snapdragon seed, Superior dragon bones",20,96059,96059
369,"Blue dragonhide, Dragon bolts (unf), Dragonstone bolt tips, Superior dragon bones",108,84484,84484
370,"Adamant javelin, Blue dragonhide, Death rune, Superior dragon bones",484,74280,74280
371,"Blue dragonhide, Chaos rune, Death rune, Superior dragon bones",1188,111385,111385
372,"Black dragonhide, Blue dragonhide, Superior dragon bones, Tooth half of key",22,76239,76239
373,"Blue dragonhide, Magic logs, Rune kiteshield, Scaly blue dragonhide, Superior dragon bones",57,132098,132098
374,"Blue dragonhide, Dragonstone bolt tips, Grapes, Superior dragon bones",294,28304,28304
375,"Blue dragonhide, Dragonstone bolt tips, Rune kiteshield, Superior dragon bones",24,94114,94114
376,"Battlestaff, Black dragonhide, Blue dragonhide, Superior dragon bones",36,181282,181282
377,"Blue dragonhide, Green dragonhide, Superior dragon bones",58,93598,93598
378,"Blue dragonhide, Dragon arrowtips, Dragon dart tip, Superior dragon bones",70,100508,100508
379,"Blue dragonhide, Dragon arrowtips, Green dragonhide, Superior dragon bones",63,90512,90512
380,"Blue dragonhide, Dragon bolts (unf), Red dragonhide, Superior dragon bones",120,121586,121586
381,"Blue dragonhide, Dragon med helm, Rune kiteshield, Superior dragon bones",8,174208,174208
382,"Blue dragonhide, Rune longsword, Superior dragon bones",9,112369,112369
383,"Adamantite ore, Blue dragonhide, Red dragonhide, Superior dragon bones",42,78310,78310
384,"Blue dragonhide, Green dragonhide, Rune kiteshield, Scaly blue dragonhide, Superior dragon bones",35,147168,147168
385,"Blue dragonhide, Dragonstone bolt tips, Grapes, Superior dragon bones",307,30097,30097
386,"Blue dragonhide, Dragon battleaxe, Dragonstone, Superior dragon bones",8,173745,173745
387,"Blue dragonhide, Red dragonhide, Superior dragon bones, Wrath rune",82,77396,77396
388,"Blue dragonhide, Clue scroll (elite), Coins, Rune longsword, Scaly blue dragonhide, Superior dragon bones",21891,79855,79855
389,"Blue dragonhide, Dragon arrowtips, Superior dragon bones",60,93645,93645
390,"Blue dragonhide, Dragonstone bolt tips, Scaly blue dragonhide, Superior dragon bones",61,75794,75794
391,"Blue dragonhide, Dragon arrowtips, Superior dragon bones",64,98014,98014
392,"Blue dragonhide, Dragon plateskirt, Rune longsword, Superior dragon bones",8,238602,238602
393,"Blue dragonhide, Dragon dart tip, Manta ray, Superior dragon bones",76,154994,154994
394,"Blue dragonhide, Manta ray, Rune dart tip, Scaly blue dragonhide, Superior dragon bones",149,170486,170486
395,"Blue dragonhide, Dragon plateskirt, Green dragonhide, Superior dragon bones",34,217882,217882
396,"Blue dragonhide, Dragonstone bolt tips, Rune longsword, Superior dragon bones",22,83880,83880
397,"Blue dragonhide, Death rune, Green dragonhide, Superior dragon bones",453,99223,99223
398,"Blue dragonhide, Death rune, Superior dragon bones",380,101812,101812
399,"Blue dragonhide, Dragon bolts (unf), Superior dragon bones",98,79816,79816
400,"Blue dragonhide, Red dragonhide, Rune dart tip, Superior dragon bones",118,106869,106869
401,"Blue dragonhide, Red dragonhide, Rune kiteshield, Superior dragon bones",28,128356,128356
402,"Black dragonhide, Blue dragonhide, Red dragonhide, Superior dragon bones",43,110107,110107
403,"Adamantite ore, Blue dragonhide, Rune dart tip, Superior dragon bones",125,86536,86536
404,"Blue dragonhide, Magic logs, Red dragonhide, Superior dragon bones",76,110268,110268
405,"Blue dragonhide, Onyx bolt tips, Rune kiteshield, Superior dragon bones",11,126787,126787
406,"Blue dragonhide, Dragon battleaxe, Grapes, Superior dragon bones",303,143393,143393
407,"Adamantite ore, Blue dragonhide, Ruby bolt tips, Superior dragon bones",53,48123,48123
408,"Adamantite ore, Blue dragonhide, Green dragonhide, Superior dragon bones",57,80115,80115
409,"Blue dragonhide, Dragon longsword, Superior dragon bones, Wrath talisman",6,80417,80417
410,"Blue dragonhide, Coins, Dragonstone bolt tips, Superior dragon bones",48243,74490,74490
411,"Blue dragonhide, Onyx bolt tips, Red dragonhide, Superior dragon bones",36,142414,142414
412,"Blue dragonhide, Chaos rune, Death rune, Superior dragon bones",1321,122892,122892
413,"Battlestaff, Blue dragonhide, Rune longsword, Scaly blue dragonhide, Superior dragon bones",20,172620,172620
414,"Blue dragonhide, Death rune, Rune longsword, Superior dragon bones",51,63222,63222
415,"Blue dragonhide, Onyx bolt tips, Rune kiteshield, Superior dragon bones",14,176146,176146
416,"Blue dragonhide, Dragon bolts (unf), Onyx bolt tips, Superior dragon bones",104,132826,132826
417,"Blue dragonhide, Dragon bolts (unf), Superior dragon bones",150,114910,114910
418,"Blue dragonhide, Dragon dart tip, Dragonstone bolt tips, Superior dragon bones",45,61790,61790
419,"Battlestaff, Blue dragonhide, Red dragonhide, Superior dragon bones",35,148090,148090
420,"Black dragonhide, Blue dragonhide, Dragon plateskirt, Superior dragon bones",25,235249,235249
421,"Blue dragonhide, Dragon dart tip, Rune longsword, Superior dragon bones",28,84486,84486
422,"Blue dragonhide, Dragon bolts (unf), Rune kiteshield, Superior dragon bones",69,156209,156209
423,"Blue dragonhide, Dragon longsword, Dragonstone, Superior dragon bones",8,113421,113421
424,"Blue dragonhide, Dragon battleaxe, Green dragonhide, Superior dragon bones",33,173141,173141
425,"Blue dragonhide, Dragon dart tip, Superior dragon bones, Willow seed",27,47883,47883
426,"Blue dragonhide, Coins, Superior dragon bones, Wrath rune",37749,68453,68453
427,"Blue dragonhide, Dragon longsword, Superior dragon bones",34,122256,122256
428,"Blue dragonhide, Red dragonhide, Superior dragon bones, Wrath talisman",27,65361,65361
429,"Blue dragonhide, Death rune, Rune dart tip, Superior dragon bones",402,88658,88658
430,"Blue dragonhide, Dragonstone bolt tips, Magic logs, Superior dragon bones",79,79675,79675
431,"Blue dragonhide, Dragonstone bolt tips, Superior dragon bones",17,27345,27345
432,"Blue dragonhide, Dragon dart tip, Superior dragon bones",75,115429,115429
433,"Blue dragonhide, Dragon plateskirt, Dragonstone bolt tips, Superior dragon bones",27,192459,192459
434,"Blue dragonhide, Dragon bolts (unf), Rune kiteshield, Superior dragon bones",56,116356,116356
435,"Blue dragonhide, Grapes, Superior dragon bones",324,62266,62266
436,"Blue dragonhide, Chaos rune, Superior dragon bones, Wrath talisman",765,68007,68007
437,"Blue dragonhide, Dragon bolts (unf), Green dragonhide, Superior dragon bones",100,95386,95386
438,"Blue dragonhide, Grapes, Green dragonhide, Superior dragon bones",281,54090,54090
439,"Blue dragonhide, Dragonstone bolt tips, Red dragonhide, Superior dragon bones",40,70650,70650
440,"Blue dragonhide, Dragonstone bolt tips, Onyx bolt tips, Superior dragon bones",31,82146,82146
441,"Blue dragonhide, Death rune, Red dragonhide, Superior dragon bones",414,110303,110303
442,"Blue dragonhide, Dragon dart tip, Superior dragon bones",42,74108,74108
443,"Blue dragonhide, Green dragonhide, Superior dragon bones, Wrath talisman",31,51773,51773
444,"Blue dragonhide, Coins, Grapes, Superior dragon bones",43983,66528,66528
445,"Blue dragonhide, Rune dart tip, Superior dragon bones, Yew seed",85,75850,75850
446,"Blue dragonhide, Chaos rune, Green dragonhide, Superior dragon bones",924,108254,108254
447,"Adamantite ore, Blue dragonhide, Dragonstone, Superior dragon bones",34,81367,81367
448,"Blue dragonhide, Coins, Grapes, Superior dragon bones",39493,62248,62248
449,"Blue dragonhide, Dragon arrowtips, Dragon dart tip, Superior dragon bones",59,82753,82753
450,"Blue dragonhide, Dragon bolts (unf), Manta ray, Superior dragon bones, Vorkath's head",141,165145,165145
451,"Blue dragonhide, Onyx bolt tips, Superior dragon bones",38,112310,112310
452,"Blue dragonhide, Coins, Dragon plateskirt, Superior dragon bones",28419,210704,210704
453,"Black dragonhide, Blue dragonhide, Magic logs, Superior dragon bones",73,117120,117120
454,"Blue dragonhide, Rune kiteshield, Superior dragon bones",10,211914,211914
455,"Blue dragonhide, Dragonstone bolt tips, Onyx bolt tips, Scaly blue dragonhide, Superior dragon bones",38,101491,101491
456,"Adamantite ore, Blue dragonhide, Death rune, Superior dragon bones",502,96526,96526
457,"Battlestaff, Blue dragonhide, Red dragonhide, Superior dragon bones",41,185346,185346
458,"Adamantite ore, Blue dragonhide, Dragon dart tip, Superior dragon bones, Vorkath's head",70,95585,95585
459,"Blue dragonhide, Dragon bones, Rune longsword, Superior dragon bones",21,101572,101572
460,"Blue dragonhide, Dragon dart tip, Red dragonhide, Superior dragon bones",57,106175,106175
461,"Battlestaff, Blue dragonhide, Rune dart tip, Scaly blue dragonhide, Superior dragon bones",107,132065,132065
462,"Blue dragonhide, Death rune, Manta ray, Superior dragon bones",547,185221,185221
463,"Blue dragonhide, Coins, Rune dart tip, Superior dragon bones",27940,81322,81322
464,"Blue dragonhide, Dragon bolts (unf), Superior dragon bones, Torstol seed",99,87117,87117
465,"Blue dragonhide, Magic logs, Red dragonhide, Scaly blue dragonhide, Superior dragon bones",75,107322,107322
466,"Blue dragonhide, Death rune, Dragon dart tip, Superior dragon bones",495,113260,113260
467,"Blue dragonhide, Diamond, Red dragonhide, Superior dragon bones",44,93696,93696
468,"Blue dragonhide, Diamond bolt tips, Ruby bolt tips, Scaly blue dragonhide, Superior dragon bones",55,27187,27187
469,"Adamantite ore, Blue dragonhide, Dragon bones, Superior dragon bones",51,101377,101377
470,"Adamantite ore, Blue dragonhide, Chaos rune, Superior dragon bones",917,88742,88742
471,"Blue dragonhide, Dragon bolts (unf), Grapes, Superior dragon bones",307,55118,55118
472,"Battlestaff, Blue dragonhide, Dragon bolts (unf), Superior dragon bones",84,130344,130344
473,"Blue dragonhide, Dragon bolts (unf), Rune kiteshield, Superior dragon bones",102,144478,144478
474,"Blue dragonhide, Dragon bones, Rune longsword, Superior dragon bones, Vorkath's head",26,128048,128048
475,"Blue dragonhide, Magic logs, Rune kiteshield, Superior dragon bones",57,163085,163085
476,"Blue dragonhide, Coins, Rune kiteshield, Superior dragon bones",25195,142019,142019
477,"Blue dragonhide, Ruby bolt tips, Superior dragon bones, Torstol seed",30,30833,30833
478,"Adamantite ore, Blue dragonhide, Diamond, Superior dragon bones",49,74198,74198
479,"Blue dragonhide, Dragon bones, Dragonstone bolt tips, Superior dragon bones",39,81687,81687
480,"Blue dragonhide, Dragon bolts (unf), Green dragonhide, Superior dragon bones",84,88430,88430
481,"Blue dragonhide, Green dragonhide, Onyx bolt tips, Superior dragon bones",41,124053,124053
482,"Adamantite ore, Blue dragonhide, Dragon dart tip, Superior dragon bones",50,73818,73818
483,"Blue dragonhide, Death rune, Green dragonhide, Superior dragon bones",532,112886,112886
484,"Blue dragonhide, Diamond, Rune longsword, Superior dragon bones",26,105306,105306
485,"Blue dragonhide, Grapes, Green dragonhide, Superior dragon bones",292,53936,53936
486,"Blue dragonhide, Magic logs, Superior dragon bones, Uncut emerald",55,67495,67495
487,"Blue dragonhide, Snapdragon seed, Superior dragon bones",6,89684,89684
488,"Blue dragonhide, Death rune, Dragonstone bolt tips, Superior dragon bones",433,79874,79874
489,"Blue dragonhide, Dragon arrowtips, Grapes, Superior dragon bones",289,57866,57866
490,"Adamantite ore, Battlestaff, Blue dragonhide, Scaly blue dragonhide, Superior dragon bones",41,119876,119876
491,"Black dragonhide, Blue dragonhide, Green dragonhide, Superior dragon bones",51,104924,104924
492,"Blue dragonhide, Diamond bolt tips, Dragon bolts (unf), Superior dragon bones",92,62001,62001
493,"Blue dragonhide, Dragonstone bolt tips, Rune longsword, Superior dragon bones",33,70405,70405
494,"Blue dragonhide, Coins, Dragon bolts (unf), Superior dragon bones",64080,122741,122741
495,"Black dragonhide, Blue dragonhide, Dragonstone bolt tips, Scaly blue dragonhide, Superior dragon bones",35,76752,76752
496,"Battlestaff, Blue dragonhide, Rune longsword, Superior dragon bones",17,145212,145212
497,"Blue dragonhide, Dragon arrowtips, Dragon bones, Superior dragon bones",56,109016,109016
498,"Blue dragonhide, Dragonstone, Red dragonhide, Superior dragon bones",28,96245,96245
499,"Blue dragonhide, Diamond, Onyx bolt tips, Superior dragon bones",31,117917,117917
500,"Blue dragonhide, Dragonstone, Rune dart tip, Superior dragon bones",104,82150,82150
501,"Blue dragonhide, Dragon bolts (unf), Red dragonhide, Superior dragon bones",114,131839,131839
502,"Adamantite ore, Battlestaff, Blue dragonhide, Superior dragon bones",40,115714,115714
503,"Blue dragonhide, Dragon bolts (unf), Red dragonhide, Superior dragon bones",83,111875,111875
504,"Blue dragonhide, Magic logs, Onyx bolt tips, Superior dragon bones",63,159879,159879
505,"Battlestaff, Blue dragonhide, Superior dragon bones",37,126885,126885
506,"Blue dragonhide, Dragon bolts (unf), Superior dragon bones",141,113636,113636
507,"Blue dragonhide, Green dragonhide, Superior dragon bones",55,97202,97202
508,"Blue dragonhide, Dragon bones, Superior dragon bones, Wrath talisman",25,93996,93996
509,"Blue dragonhide, Dragon bones, Dragon dart tip, Superior dragon bones",69,143321,143321
510,"Adamantite ore, Blue dragonhide, Chaos rune, Superior dragon bones",953,101458,101458
511,"Blue dragonhide, Chaos rune, Ruby bolt tips, Scaly blue dragonhide, Superior dragon bones",898,85337,85337
512,"Blue dragonhide, Death rune, Superior dragon bones, Torstol seed",363,72814,72814
513,"Blue dragonhide, Chaos rune, Grapes, Superior dragon bones",1105,83269,83269
514,"Blue dragonhide, Red dragonhide, Superior dragon bones, Wrath rune",83,91575,91575
515,"Blue dragonhide, Rune longsword, Superior dragon bones",32,119378,119378
516,"Black dragonhide, Blue dragonhide, Grapes, Superior dragon bones",302,90488,90488
517,"Blue dragonhide, Chaos rune, Rune kiteshield, Superior dragon bones",776,173113,173113
518,"Adamantite ore, Blue dragonhide, Death rune, Superior dragon bones",415,94411,94411
519,"Blue dragonhide, Dragon battleaxe, Dragon plateskirt, Superior dragon bones",6,305732,305732
520,"Adamantite ore, Blue dragonhide, Rune kiteshield, Superior dragon bones",22,136626,136626
521,"Battlestaff, Blue dragonhide, Death rune, Superior dragon bones",367,185559,185559
522,"Adamantite ore, Blue dragonhide, Green dragonhide, Superior dragon bones",40,67778,67778
523,"Blue dragonhide, Dragon bolts (unf), Dragon bones, Superior dragon bones",105,143560,143560
524,"Blue dragonhide, Dragonstone bolt tips, Ruby bolt tips, Superior dragon bones",52,39544,39544
525,"Blue dragonhide, Diamond, Dragonstone bolt tips, Superior dragon bones",37,63684,63684
526,"Blue dragonhide, Dragon arrowtips, Manta ray, Superior dragon bones",87,175871,175871
527,"Blue dragonhide, Dragon dart tip, Grapes, Superior dragon bones",314,84192,84192
528,"Blue dragonhide, Chaos rune, Green dragonhide, Superior dragon bones",801,115855,115855
529,"Blue dragonhide, Dragon longsword, Dragon plateskirt, Superior dragon bones",6,244620,244620
530,"Blue dragonhide, Chaos rune, Dragonstone, Superior dragon bones",797,91701,91701
531,"Blue dragonhide, Chaos rune, Onyx bolt tips, Scaly blue dragonhide, Superior dragon bones",778,164536,164536
532,"Blue dragonhide, Green dragonhide, Red dragonhide, Superior dragon bones",58,113884,113884
533,"Blue dragonhide, Dragon platelegs, Superior dragon bones",33,230487,230487
534,"Blue dragonhide, Coins, Magic logs, Superior dragon bones",61047,141023,141023
535,"Blue dragonhide, Grapes, Green dragonhide, Superior dragon bones",320,63180,63180
536,"Blue dragonhide, Dragon battleaxe, Rune kiteshield, Superior dragon bones",8,239122,239122
537,"Blue dragonhide, Dragonstone bolt tips, Scaly blue dragonhide, Snapdragon seed, Superior dragon bones",34,77413,77413
538,"Blue dragonhide, Coins, Red dragonhide, Superior dragon bones",59098,130084,130084
539,"Blue dragonhide, Dragonstone bolt tips, Superior dragon bones, Willow seed",20,33442,33442
540,"Blue dragonhide, Dragonstone bolt tips, Superior dragon bones, Wrath rune",54,40333,40333
541,"Blue dragonhide, Green dragonhide, Magic logs, Scaly blue dragonhide, Superior dragon bones",84,118254,118254
542,"Blue dragonhide, Rune dart tip, Rune kiteshield, Superior dragon bones",87,130785,130785
543,"Blue dragonhide, Dragon arrowtips, Rune longsword, Superior dragon bones",38,98338,98338
544,"Blue dragonhide, Dragon battleaxe, Onyx bolt tips, Superior dragon bones",10,185912,185912
545,"Blue dragonhide, Coins, Dragon platelegs, Superior dragon bones",37738,222959,222959
546,"Battlestaff, Blue dragonhide, Death rune, Superior dragon bones",411,181651,181651
547,"Blue dragonhide, Dragon bolts (unf), Dragonstone bolt tips, Scaly blue dragonhide, Superior dragon bones",77,70244,70244
548,"Adamantite ore, Blue dragonhide, Dragon plateskirt, Superior dragon bones",32,213270,213270
549,"Blue dragonhide, Coins, Dragon arrowtips, Superior dragon bones",20721,92897,92897
550,"Blue dragonhide, Dragon arrowtips, Superior dragon bones, Yew seed",40,91694,91694
551,"Blue dragonhide, Dragon arrowtips, Dragon bolts (unf), Superior dragon bones",99,105719,105719
552,"Blue dragonhide, Dragon bolts (unf), Magic logs, Superior dragon bones",125,126875,126875
553,"Blue dragonhide, Dragon bolts (unf), Red dragonhide, Superior dragon bones",79,102339,102339
554,"Blue dragonhide, Loop half of key, Magic logs, Superior dragon bones",55,90098,90098
555,"Blue dragonhide, Dragonstone, Superior dragon bones",35,92618,92618
556,"Blue dragonhide, Death rune, Snapdragon seed, Superior dragon bones",486,115614,115614
557,"Blue dragonhide, Red dragonhide, Rune dart tip, Superior dragon bones",111,117491,117491
558,"Blue dragonhide, Dragonstone bolt tips, Rune longsword, Scaly blue dragonhide, Superior dragon bones",34,96673,96673
559,"Adamantite ore, Blue dragonhide, Grapes, Superior dragon bones",315,43278,43278
560,"Blue dragonhide, Coins, Ranarr seed, Superior dragon bones",51277,102584,102584
561,"Blue dragonhide, Death rune, Dragon bolts (unf), Superior dragon bones",581,134834,134834
562,"Blue dragonhide, Diamond, Dragonstone bolt tips, Scaly blue dragonhide, Superior dragon bones",43,61156,61156
563,"Blue dragonhide, Rune dart tip, Superior dragon bones, Wrath talisman",98,74378,74378
564,"Adamantite ore, Blue dragonhide, Rune dart tip, Superior dragon bones",112,93533,93533
565,"Blue dragonhide, Death rune, Manta ray, Superior dragon bones",534,187556,187556
566,"Blue dragonhide, Chaos rune, Superior dragon bones, Torstol seed",954,98179,98179
567,"Blue dragonhide, Dragon dart tip, Dragon plateskirt, Superior dragon bones",45,239061,239061
568,"Blue dragonhide, Dragon bolts (unf), Manta ray, Superior dragon bones",127,186924,186924
569,"Blue dragonhide, Coins, Rune kiteshield, Superior dragon bones, Vorkath's head",38013,125890,125890
570,"Blue dragonhide, Rune dart tip, Rune longsword, Scaly blue dragonhide, Superior dragon bones",83,103548,103548
571,"Blue dragonhide, Chaos rune, Red dragonhide, Superior dragon bones",991,139449,139449
579,"Black dragonhide, Blue dragonhide, Chaos rune, Superior dragon bones",730,138156,138156
580,"Blue dragonhide, Red dragonhide, Superior dragon bones",54,119816,119816
581,"Battlestaff, Blue dragonhide, Chaos rune, Superior dragon bones",773,180034,180034
582,"Black dragonhide, Blue dragonhide, Dragon bones, Superior dragon bones",47,156921,156921
583,"Blue dragonhide, Magic logs, Snapdragon seed, Superior dragon bones",55,114898,114898
584,"Blue dragonhide, Death rune, Loop half of key, Superior dragon bones",306,69431,69431
585,"Blue dragonhide, Magic logs, Superior dragon bones",104,131946,131946
586,"Blue dragonhide, Death rune, Superior dragon bones",774,115276,115276
587,"Black dragonhide, Blue dragonhide, Diamond, Superior dragon bones",37,98562,98562
588,"Blue dragonhide, Dragon plateskirt, Superior dragon bones, Wrath talisman",6,185969,185969
589,"Blue dragonhide, Onyx bolt tips, Rune longsword, Superior dragon bones",16,157473,157473
590,"Blue dragonhide, Coins, Dragon plateskirt, Superior dragon bones",41365,225963,225963
591,"Blue dragonhide, Chaos rune, Rune dart tip, Superior dragon bones",878,127978,127978
592,"Blue dragonhide, Chaos rune, Superior dragon bones, Wrath talisman",671,71329,71329
593,"Blue dragonhide, Dragon longsword, Rune kiteshield, Superior dragon bones",7,146643,146643
594,"Blue dragonhide, Dragon dart tip, Manta ray, Scaly blue dragonhide, Superior dragon bones",63,138861,138861
595,"Blue dragonhide, Rune sq shield, Superior dragon bones",32,91434,91434
596,"Blue dragonhide, Magic logs, Red dragonhide, Superior dragon bones",76,125596,125596
597,"Blue dragonhide, Celastrus seed, Palm tree seed, Superior dragon bones",6,108675,108675
598,"Blue dragonhide, Diamond, Superior dragon bones, Wrath talisman",18,45072,45072
599,"Black dragonhide, Blue dragonhide, Rune longsword, Superior dragon bones",25,129285,129285
600,"Blue dragonhide, Rune dart tip, Rune longsword, Superior dragon bones",102,112350,112350
601,"Battlestaff, Blue dragonhide, Superior dragon bones, Uncut emerald",20,144900,144900
602,"Blue dragonhide, Grapes, Superior dragon bones, Torstol seed",298,32214,32214
603,"Blue dragonhide, Chaos rune, Rune dart tip, Superior dragon bones",1066,139483,139483
604,"Black dragonhide, Blue dragonhide, Coins, Superior dragon bones",26957,114243,114243
605,"Black dragonhide, Blue dragonhide, Diamond, Superior dragon bones",42,113928,113928
606,"Blue dragonhide, Dragonstone bolt tips, Magic logs, Superior dragon bones",76,90920,90920
607,"Adamantite ore, Battlestaff, Blue dragonhide, Superior dragon bones",26,123104,123104
608,"Blue dragonhide, Green dragonhide, Superior dragon bones",63,112919,112919
609,"Blue dragonhide, Coins, Magic logs, Superior dragon bones",3054,80588,80588
610,"Adamantite ore, Blue dragonhide, Superior dragon bones",54,93132,93132
611,"Adamantite ore, Blue dragonhide, Dragon dart tip, Scaly blue dragonhide, Superior dragon bones",77,111477,111477
612,"Blue dragonhide, Death rune, Grapes, Superior dragon bones",621,67094,67094
613,"Blue dragonhide, Dragon dart tip, Superior dragon bones, Wrath rune",110,100886,100886
614,"Blue dragonhide, Dragonstone bolt tips, Superior dragon bones, Wrath talisman",21,33838,33838
615,"Black dragonhide, Blue dragonhide, Magic logs, Superior dragon bones",72,126552,126552
616,"Blue dragonhide, Diamond bolt tips, Snapdragon seed, Superior dragon bones",35,65268,65268
617,"Adamantite ore, Blue dragonhide, Superior dragon bones, Wrath talisman",24,44529,44529
618,"Blue dragonhide, Death rune, Dragon plateskirt, Superior dragon bones",369,228901,228901
619,"Blue dragonhide, Dragonstone, Rune longsword, Scaly blue dragonhide, Superior dragon bones",10,101803,101803
620,"Blue dragonhide, Chaos rune, Superior dragon bones",1632,137686,137686
621,"Blue dragonhide, Death rune, Manta ray, Superior dragon bones",536,180582,180582
622,"Blue dragonhide, Death rune, Dragon dart tip, Superior dragon bones",447,92708,92708
623,"Battlestaff, Blue dragonhide, Red dragonhide, Superior dragon bones",34,141395,141395
624,"Blue dragonhide, Dragon bolts (unf), Spirit seed, Superior dragon bones",88,79751,79751
625,"Blue dragonhide, Rune dart tip, Superior dragon bones, Uncut emerald",84,68447,68447
626,"Adamantite ore, Blue dragonhide, Green dragonhide, Superior dragon bones",56,87474,87474
627,"Battlestaff, Blue dragonhide, Diamond, Superior dragon bones",30,142552,142552
628,"Blue dragonhide, Dragon arrowtips, Green dragonhide, Superior dragon bones",81,120069,120069
629,"Blue dragonhide, Red dragonhide, Ruby bolt tips, Superior dragon bones",50,71635,71635
630,"Black dragonhide, Blue dragonhide, Diamond, Superior dragon bones",43,112133,112133
631,"Blue dragonhide, Diamond, Dragon bolts (unf), Superior dragon bones",102,101376,101376
632,"Black dragonhide, Blue dragonhide, Grapes, Superior dragon bones",289,75632,75632
633,"Blue dragonhide, Dragon arrowtips, Dragonbone necklace, Green dragonhide, Scaly blue dragonhide, Superior dragon bones",75,159939,159939
634,"Blue dragonhide, Magic logs, Superior dragon bones",79,118345,118345
635,"Blue dragonhide, Dragon longsword, Red dragonhide, Scaly blue dragonhide, Superior dragon bones",31,138110,138110
636,"Blue dragonhide, Rune dart tip, Rune kiteshield, Superior dragon bones",99,169088,169088
637,"Blue dragonhide, Magic logs, Sapphire bolt tips, Superior dragon bones",84,77480,77480
638,"Blue dragonhide, Red dragonhide, Rune kiteshield, Scaly blue dragonhide, Superior dragon bones",31,170622,170622
639,"Blue dragonhide, Death rune, Dragonstone bolt tips, Scaly blue dragonhide, Superior dragon bones",454,84715,84715
640,"Blue dragonhide, Dragon dart tip, Snapdragon seed, Superior dragon bones",20,81020,81020
641,"Blue dragonhide, Death rune, Superior dragon bones, Wrath rune",488,88258,88258
642,"Blue dragonhide, Green dragonhide, Onyx bolt tips, Superior dragon bones",40,115434,115434
643,"Blue dragonhide, Diamond, Dragonstone bolt tips, Superior dragon bones",44,59872,59872
644,"Black dragonhide, Blue dragonhide, Dragonstone, Superior dragon bones",25,106680,106680
645,"Blue dragonhide, Dragon plateskirt, Red dragonhide, Superior dragon bones",25,228388,228388
646,"Blue dragonhide, Dragon bolts (unf), Magic logs, Superior dragon bones",130,127338,127338
647,"Adamantite ore, Blue dragonhide, Superior dragon bones",45,83442,83442
648,"Blue dragonhide, Chaos rune, Dragon bolts (unf), Superior dragon bones",995,153005,153005
649,"Blue dragonhide, Chaos rune, Dragon dart tip, Superior dragon bones",883,108281,108281
650,"Blue dragonhide, Death rune, Dragonstone bolt tips, Superior dragon bones",444,87066,87066
651,"Blue dragonhide, Dragon longsword, Manta ray, Superior dragon bones",53,193199,193199
652,"Adamantite ore, Blue dragonhide, Magic logs, Superior dragon bones",78,101420,101420
653,"Blue dragonhide, Dragon bolts (unf), Rune sq shield, Superior dragon bones",103,111406,111406
654,"Blue dragonhide, Dragon arrowtips, Snapdragon seed, Superior dragon bones",49,109767,109767
655,"Blue dragonhide, Manta ray, Ranarr seed, Superior dragon bones",49,149322,149322
656,"Blue dragonhide, Dragon bolts (unf), Dragon platelegs, Superior dragon bones",75,232687,232687
657,"Black dragonhide, Blue dragonhide, Diamond, Superior dragon bones",37,96678,96678
658,"Blue dragonhide, Snapdragon seed, Superior dragon bones",31,101959,101959
659,"Adamantite ore, Blue dragonhide, Rune kiteshield, Superior dragon bones",30,142704,142704
660,"Black dragonhide, Blue dragonhide, Red dragonhide, Superior dragon bones",48,131890,131890
661,"Blue dragonhide, Magic logs, Rune longsword, Superior dragon bones",57,130432,130432
662,"Blue dragonhide, Dragon bones, Green dragonhide, Superior dragon bones",47,119563,119563
663,"Adamantite ore, Blue dragonhide, Dragon bolts (unf), Superior dragon bones",90,84440,84440
664,"Black dragonhide, Blue dragonhide, Superior dragon bones, Wrath rune",77,86747,86747
665,"Blue dragonhide, Grapes, Magic logs, Superior dragon bones",341,78012,78012
666,"Blue dragonhide, Green dragonhide, Superior dragon bones, Willow seed",32,59709,59709
667,"Blue dragonhide, Dragonstone bolt tips, Manta ray, Superior dragon bones",70,153000,153000
668,"Blue dragonhide, Death rune, Diamond, Scaly blue dragonhide, Superior dragon bones",392,99490,99490
669,"Adamantite ore, Blue dragonhide, Dragon plateskirt, Superior dragon bones",34,213325,213325
670,"Blue dragonhide, Coins, Superior dragon bones",94778,117664,117664
671,"Blue dragonhide, Chaos rune, Rune dart tip, Superior dragon bones",850,126374,126374
672,"Blue dragonhide, Manta ray, Rune dart tip, Superior dragon bones",133,185997,185997
673,"Blue dragonhide, Dragon longsword, Dragonstone bolt tips, Superior dragon bones",28,96273,96273
674,"Blue dragonhide, Diamond, Green dragonhide, Superior dragon bones",45,81121,81121
675,"Blue dragonhide, Superior dragon bones",54,106190,106190
676,"Adamantite ore, Blue dragonhide, Coins, Superior dragon bones",77627,122953,122953
677,"Adamantite ore, Blue dragonhide, Rune kiteshield, Scaly blue dragonhide, Superior dragon bones",18,98297,98297
678,"Blue dragonhide, Red dragonhide, Superior dragon bones",56,122722,122722
679,"Blue dragonhide, Dragonstone, Scaly blue dragonhide, Superior dragon bones",35,82544,82544
680,"Blue dragonhide, Onyx bolt tips, Papaya tree seed, Superior dragon bones",10,66296,66296
681,"Blue dragonhide, Dragon dart tip, Scaly blue dragonhide, Superior dragon bones",73,110742,110742
682,"Blue dragonhide, Red dragonhide, Rune longsword, Superior dragon bones",31,131628,131628
683,"Blue dragonhide, Dragonstone, Rune kiteshield, Superior dragon bones",9,141134,141134
684,"Blue dragonhide, Dragonstone, Superior dragon bones, Torstol seed",8,63164,63164
685,"Adamantite ore, Blue dragonhide, Coins, Superior dragon bones",50335,96681,96681
686,"Adamantite ore, Blue dragonhide, Scaly blue dragonhide, Superior dragon bones",61,97036,97036
687,"Blue dragonhide, Chaos rune, Dragon arrowtips, Superior dragon bones",932,122004,122004
688,"Blue dragonhide, Onyx bolt tips, Superior dragon bones",35,115979,115979
689,"Blue dragonhide, Dragonstone, Superior dragon bones, Wrath rune",61,69672,69672
690,"Blue dragonhide, Superior dragon bones, Wrath talisman",31,66340,66340
691,"Blue dragonhide, Death rune, Diamond, Superior dragon bones",406,100716,100716
692,"Blue dragonhide, Dragon bones, Rune kiteshield, Superior dragon bones",22,171090,171090
693,"Battlestaff, Blue dragonhide, Superior dragon bones",38,129936,129936
694,"Blue dragonhide, Dragon bones, Dragon plateskirt, Superior dragon bones",24,251025,251025
695,"Blue dragonhide, Dragon bolts (unf), Dragonstone bolt tips, Superior dragon bones",97,85005,85005
696,"Blue dragonhide, Dragon bolts (unf), Dragonstone bolt tips, Superior dragon bones",74,69046,69046
697,"Blue dragonhide, Dragon bolts (unf), Rune dart tip, Superior dragon bones",182,131021,131021
698,"Blue dragonhide, Death rune, Onyx bolt tips, Superior dragon bones",365,150759,150759
699,"Blue dragonhide, Dragonstone bolt tips, Emerald bolt tips, Superior dragon bones",41,30756,30756
700,"Blue dragonhide, Grapes, Rune dart tip, Superior dragon bones",388,74050,74050
701,"Black dragonhide, Blue dragonhide, Grapes, Superior dragon bones",313,91500,91500
702,"Blue dragonhide, Dragonstone bolt tips, Red dragonhide, Superior dragon bones",50,85570,85570
703,"Blue dragonhide, Chaos rune, Red dragonhide, Superior dragon bones",750,120862,120862
704,"Blue dragonhide, Green dragonhide, Rune kiteshield, Superior dragon bones",36,159137,159137
705,"Blue dragonhide, Coins, Death rune, Superior dragon bones",53359,132345,132345
706,"Battlestaff, Blue dragonhide, Coins, Scaly blue dragonhide, Superior dragon bones",77601,196046,196046
707,"Blue dragonhide, Chaos rune, Dragon dart tip, Superior dragon bones",798,130028,130028
708,"Adamantite ore, Blue dragonhide, Superior dragon bones",41,77368,77368
709,"Blue dragonhide, Green dragonhide, Superior dragon bones",60,106614,106614
710,"Blue dragonhide, Chaos rune, Rune kiteshield, Superior dragon bones",858,179449,179449
711,"Blue dragonhide, Ranarr seed, Superior dragon bones",32,93232,93232
712,"Battlestaff, Blue dragonhide, Dragon dart tip, Superior dragon bones",25,117674,117674
713,"Blue dragonhide, Loop half of key, Snapdragon seed, Superior dragon bones",6,68149,68149
714,"Blue dragonhide, Chaos rune, Rune dart tip, Superior dragon bones",880,126024,126024
715,"Blue dragonhide, Grapes, Rune kiteshield, Superior dragon bones",261,119694,119694
716,"Blue dragonhide, Dragon battleaxe, Green dragonhide, Superior dragon bones",33,180187,180187
717,"Blue dragonhide, Coins, Rune kiteshield, Superior dragon bones",30232,148395,148395
718,"Blue dragonhide, Dragon platelegs, Maple seed, Superior dragon bones",6,187873,187873
719,"Blue dragonhide, Dragon bolts (unf), Red dragonhide, Superior dragon bones",93,114493,114493
720,"Blue dragonhide, Rune dart tip, Superior dragon bones, Wrath rune",145,83243,83243
721,"Blue dragonhide, Manta ray, Superior dragon bones, Wrath talisman",60,150018,150018
722,"Blue dragonhide, Death rune, Dragon bolts (unf), Superior dragon bones",396,116011,116011
723,"Blue dragonhide, Emerald bolt tips, Rune kiteshield, Superior dragon bones",34,87172,87172
724,"Blue dragonhide, Red dragonhide, Superior dragon bones, Wrath rune",84,88273,88273
725,"Blue dragonhide, Dragon plateskirt, Rune longsword, Superior dragon bones",8,240646,240646
726,"Blue dragonhide, Dragon battleaxe, Onyx bolt tips, Superior dragon bones",10,185926,185926
727,"Blue dragonhide, Diamond, Superior dragon bones",45,90470,90470
728,"Blue dragonhide, Dragonstone, Magic logs, Superior dragon bones",57,107016,107016
729,"Blue dragonhide, Dragon bolts (unf), Superior dragon bones, Wrath rune",123,87047,87047
730,"Blue dragonhide, Dragon dart tip, Superior dragon bones, Wrath talisman",15,35419,35419
731,"Blue dragonhide, Red dragonhide, Superior dragon bones",55,121616,121616
732,"Blue dragonhide, Dragon longsword, Superior dragon bones",33,128578,128578
733,"Blue dragonhide, Dragon bolts (unf), Dragon plateskirt, Superior dragon bones",73,230374,230374
734,"Black dragonhide, Blue dragonhide, Chaos rune, Superior dragon bones",975,142979,142979
735,"Blue dragonhide, Dragon platelegs, Dragonstone, Superior dragon bones",7,205923,205923
736,"Blue dragonhide, Green dragonhide, Red dragonhide, Superior dragon bones",51,105304,105304
737,"Adamantite ore, Blue dragonhide, Green dragonhide, Superior dragon bones",55,84905,84905
738,"Blue dragonhide, Death rune, Emerald bolt tips, Superior dragon bones",464,75994,75994
739,"Blue dragonhide, Coins, Dragon arrowtips, Scaly blue dragonhide, Superior dragon bones",3031,56750,56750
740,"Black dragonhide, Blue dragonhide, Superior dragon bones, Wrath talisman",22,69902,69902
741,"Blue dragonhide, Chaos rune, Dragon bolts (unf), Superior dragon bones",824,139182,139182
742,"Blue dragonhide, Dragonstone bolt tips, Superior dragon bones",53,82832,82832
743,"Blue dragonhide, Death rune, Superior dragon bones, Wrath talisman",444,76254,76254
744,"Blue dragonhide, Grapes, Onyx bolt tips, Superior dragon bones",280,101996,101996
745,"Blue dragonhide, Rune kiteshield, Snapdragon seed, Superior dragon bones",7,120934,120934
746,"Blue dragonhide, Chaos rune, Dragon arrowtips, Scaly blue dragonhide, Superior dragon bones",1012,132156,132156
747,"Black dragonhide, Blue dragonhide, Rune dart tip, Superior dragon bones",101,115260,115260
748,"Adamantite ore, Blue dragonhide, Coins, Superior dragon bones",38279,86313,86313
749,"Black dragonhide, Blue dragonhide, Death rune, Superior dragon bones",456,142671,142671
750,"Blue dragonhide, Chaos rune, Superior dragon bones, Wrath talisman",846,88344,88344
751,"Blue dragonhide, Diamond, Superior dragon bones",46,90162,90162
752,"Blue dragonhide, Green dragonhide, Superior dragon bones",61,103639,103639
753,"Blue dragonhide, Dragon bolts (unf), Red dragonhide, Superior dragon bones",93,110968,110968
754,"Blue dragonhide, Green dragonhide, Rune kiteshield, Superior dragon bones",32,149526,149526
755,"Blue dragonhide, Coins, Rune longsword, Superior dragon bones",65369,144121,144121
756,"Blue dragonhide, Dragon longsword, Superior dragon bones",33,126865,126865
757,"Blue dragonhide, Onyx bolt tips, Red dragonhide, Superior dragon bones",35,139028,139028
758,"Adamantite ore, Blue dragonhide, Dragonstone bolt tips, Superior dragon bones",38,52224,52224
759,"Blue dragonhide, Rune longsword, Superior dragon bones",32,118484,118484
760,"Blue dragonhide, Dragon bolts (unf), Rune kiteshield, Superior dragon bones",89,174953,174953
761,"Adamantite ore, Blue dragonhide, Grapes, Superior dragon bones",293,36634,36634
762,"Blue dragonhide, Diamond, Onyx bolt tips, Superior dragon bones",25,92334,92334
763,"Blue dragonhide, Dragon battleaxe, Superior dragon bones",6,262122,262122
764,"Black dragonhide, Blue dragonhide, Rune dart tip, Superior dragon bones",107,129417,129417
765,"Black dragonhide, Blue dragonhide, Death rune, Superior dragon bones",329,116675,116675
766,"Blue dragonhide, Chaos rune, Magic logs, Superior dragon bones",760,126194,126194
767,"Blue dragonhide, Green dragonhide, Superior dragon bones",60,90380,90380
768,"Adamantite ore, Blue dragonhide, Diamond, Superior dragon bones",33,60958,60958
769,"Blue dragonhide, Coins, Mahogany seed, Scaly blue dragonhide, Superior dragon bones",54501,79569,79569
770,"Blue dragonhide, Dragonstone bolt tips, Superior dragon bones",49,77479,77479
771,"Blue dragonhide, Onyx bolt tips, Superior dragon bones",37,109439,109439
772,"Adamantite ore, Blue dragonhide, Death rune, Superior dragon bones",416,86528,86528
773,"Blue dragonhide, Dragon longsword, Superior dragon bones",32,123603,123603
774,"Blue dragonhide, Superior dragon bones, Tooth half of key, Wrath rune",43,42101,42101
775,"Blue dragonhide, Dragon bolts (unf), Runite bar, Superior dragon bones",102,105513,105513
776,"Black dragonhide, Blue dragonhide, Red dragonhide, Superior dragon bones",48,130009,130009
777,"Blue dragonhide, Diamond bolt tips, Rune kiteshield, Superior dragon bones",32,91836,91836
778,"Black dragonhide, Blue dragonhide, Dragon bolts (unf), Superior dragon bones",79,107901,107901
779,"Blue dragonhide, Coins, Onyx bolt tips, Superior dragon bones",23683,108024,108024
780,"Blue dragonhide, Dragon bolts (unf), Superior dragon bones",95,112268,112268
781,"Black dragonhide, Blue dragonhide, Onyx bolt tips, Superior dragon bones",35,168093,168093
782,"Blue dragonhide, Coins, Dragon longsword, Superior dragon bones",32892,115941,115941
783,"Black dragonhide, Blue dragonhide, Dragon battleaxe, Superior dragon bones",20,185558,185558
784,"Black dragonhide, Blue dragonhide, Green dragonhide, Superior dragon bones",54,121032,121032
785,"Black dragonhide, Blue dragonhide, Superior dragon bones",53,121973,121973
786,"Battlestaff, Blue dragonhide, Coins, Superior dragon bones",29501,133531,133531
787,"Blue dragonhide, Dragonstone bolt tips, Ruby bolt tips, Superior dragon bones",44,33895,33895
788,"Blue dragonhide, Magic logs, Superior dragon bones",83,119806,119806
789,"Blue dragonhide, Magic logs, Onyx bolt tips, Superior dragon bones",63,154540,154540
790,"Black dragonhide, Blue dragonhide, Red dragonhide, Superior dragon bones",51,136713,136713
791,"Blue dragonhide, Dragon platelegs, Loop half of key, Superior dragon bones",6,194901,194901
792,"Blue dragonhide, Dragon dart tip, Onyx bolt tips, Superior dragon bones",50,138128,138128
793,"Blue dragonhide, Dragon bolts (unf), Green dragonhide, Superior dragon bones",97,104357,104357
794,"Blue dragonhide, Manta ray, Superior dragon bones, Wrath talisman",50,105919,105919
795,"Adamantite ore, Black dragonhide, Blue dragonhide, Superior dragon bones",39,94255,94255
796,"Blue dragonhide, Coins, Green dragonhide, Superior dragon bones",65690,123800,123800
797,"Blue dragonhide, Rune dart tip, Superior dragon bones",107,126344,126344
798,"Blue dragonhide, Scaly blue dragonhide, Superior dragon bones, Wrath talisman",34,74536,74536
799,"Blue dragonhide, Diamond, Dragon arrowtips, Superior dragon bones",63,105598,105598
800,"Blue dragonhide, Chaos rune, Magic logs, Superior dragon bones",894,162628,162628
801,"Battlestaff, Blue dragonhide, Superior dragon bones",45,171704,171704
802,"Blue dragonhide, Superior dragon bones",58,117624,117624
803,"Blue dragonhide, Chaos rune, Death rune, Scaly blue dragonhide, Superior dragon bones",1033,142041,142041
804,"Black dragonhide, Blue dragonhide, Manta ray, Superior dragon bones",72,161039,161039
805,"Blue dragonhide, Chaos rune, Snapdragon seed, Superior dragon bones",898,155017,155017
806,"Blue dragonhide, Diamond, Superior dragon bones",52,107876,107876
807,"Blue dragonhide, Dragon arrowtips, Magic logs, Scaly blue dragonhide, Superior dragon bones",89,122372,122372
808,"Blue dragonhide, Dragon dart tip, Dragonstone bolt tips, Scaly blue dragonhide, Superior dragon bones",54,82334,82334
809,"Blue dragonhide, Green dragonhide, Rune longsword, Superior dragon bones",35,121147,121147
810,"Blue dragonhide, Dragon dart tip, Superior dragon bones, Watermelon seed",38,54549,54549
811,"Black dragonhide, Blue dragonhide, Dragon dart tip, Superior dragon bones",69,143166,143166
812,"Adamantite ore, Blue dragonhide, Ranarr seed, Superior dragon bones",28,77168,77168
813,"Blue dragonhide, Diamond, Dragon dart tip, Superior dragon bones",47,88955,88955
814,"Blue dragonhide, Dragon arrowtips, Manta ray, Superior dragon bones, Vorkath's head",86,130218,130218
815,"Adamantite ore, Black dragonhide, Blue dragonhide, Superior dragon bones, Vorkath's head",41,97288,97288
816,"Black dragonhide, Blue dragonhide, Coins, Scaly blue dragonhide, Superior dragon bones",63849,152731,152731
817,"Blue dragonhide, Rune dart tip, Superior dragon bones, Torstol seed",105,111241,111241
818,"Blue dragonhide, Onyx bolt tips, Superior dragon bones",39,151960,151960
819,"Blue dragonhide, Coins, Dragon plateskirt, Superior dragon bones",55915,244972,244972
820,"Blue dragonhide, Rune longsword, Superior dragon bones, Wrath talisman",8,84474,84474
821,"Blue dragonhide, Dragon plateskirt, Manta ray, Superior dragon bones",58,259514,259514
822,"Adamantite ore, Blue dragonhide, Rune kiteshield, Superior dragon bones",28,146397,146397
823,"Blue dragonhide, Palm tree seed, Red dragonhide, Superior dragon bones",29,99765,99765
824,"Blue dragonhide, Dragon bolts (unf), Rune dart tip, Superior dragon bones",189,166656,166656
825,"Blue dragonhide, Coins, Dragonstone bolt tips, Scaly blue dragonhide, Superior dragon bones",51057,89978,89978
826,"Blue dragonhide, Dragon bones, Green dragonhide, Superior dragon bones",51,140804,140804
827,"Blue dragonhide, Diamond, Dragon longsword, Superior dragon bones",15,103367,103367
828,"Blue dragonhide, Magic logs, Scaly blue dragonhide, Superior dragon bones, Tooth half of key",56,92549,92549
829,"Blue dragonhide, Magic logs, Superior dragon bones",84,134568,134568
830,"Blue dragonhide, Dragon bones, Dragon longsword, Scaly blue dragonhide, Superior dragon bones",24,156218,156218
831,"Blue dragonhide, Rune longsword, Superior dragon bones",31,108562,108562
832,"Adamantite ore, Blue dragonhide, Magic logs, Superior dragon bones",77,107693,107693
833,"Blue dragonhide, Dragonstone, Rune longsword, Superior dragon bones",9,107004,107004
834,"Black dragonhide, Blue dragonhide, Superior dragon bones, Wrath talisman",20,74064,74064
835,"Blue dragonhide, Dragon plateskirt, Snapdragon seed, Superior dragon bones",6,227142,227142
836,"Blue dragonhide, Magic logs, Superior dragon bones, Wrath talisman",55,83829,83829
837,"Blue dragonhide, Diamond, Dragonstone bolt tips, Superior dragon bones",38,69163,69163
838,"Blue dragonhide, Dragon plateskirt, Red dragonhide, Superior dragon bones",25,235557,235557
839,"Adamantite ore, Blue dragonhide, Red dragonhide, Superior dragon bones",55,109918,109918
840,"Blue dragonhide, Scaly blue dragonhide, Superior dragon bones, Teak seed",6,28495,28495
841,"Blue dragonhide, Coins, Green dragonhide, Superior dragon bones",79507,146869,146869
842,"Blue dragonhide, Dragon dart tip, Superior dragon bones",76,126596,126596
843,"Blue dragonhide, Rune longsword, Superior dragon bones",32,128379,128379
844,"Battlestaff, Blue dragonhide, Dragon bolts (unf), Scaly blue dragonhide, Superior dragon bones",97,162024,162024
845,"Blue dragonhide, Death rune, Dragonstone bolt tips, Superior dragon bones",486,109388,109388
846,"Black dragonhide, Blue dragonhide, Dragon dart tip, Scaly blue dragonhide, Superior dragon bones",49,122827,122827
847,"Blue dragonhide, Dragonstone bolt tips, Red dragonhide, Superior dragon bones",49,97734,97734
848,"Black dragonhide, Blue dragonhide, Coins, Superior dragon bones",69110,158734,158734
849,"Blue dragonhide, Coins, Diamond, Superior dragon bones",53763,102716,102716
850,"Blue dragonhide, Dragon bolts (unf), Superior dragon bones, Tooth half of key",93,101285,101285
851,"Blue dragonhide, Coins, Dragon bones, Superior dragon bones",40696,127105,127105
852,"Blue dragonhide, Grapes, Superior dragon bones, Yew seed",302,54237,54237
853,"Blue dragonhide, Dragon bolts (unf), Superior dragon bones, Wrath rune",110,90720,90720
854,"Blue dragonhide, Coins, Manta ray, Superior dragon bones",3054,97088,97088
855,"Adamantite ore, Blue dragonhide, Diamond, Superior dragon bones",33,65848,65848
856,"Blue dragonhide, Death rune, Dragon dart tip, Superior dragon bones",365,137125,137125
857,"Blue dragonhide, Death rune, Grapes, Superior dragon bones",686,92638,92638
858,"Blue dragonhide, Chaos rune, Dragon dart tip, Scaly blue dragonhide, Superior dragon bones",875,146370,146370
859,"Blue dragonhide, Dragonstone bolt tips, Green dragonhide, Superior dragon bones",55,80392,80392
860,"Blue dragonhide, Magic logs, Rune longsword, Superior dragon bones",56,120170,120170
861,"Blue dragonhide, Dragon bolts (unf), Grapes, Scaly blue dragonhide, Superior dragon bones",349,92135,92135
862,"Blue dragonhide, Dragonstone bolt tips, Emerald bolt tips, Superior dragon bones",58,47357,47357
863,"Black dragonhide, Blue dragonhide, Red dragonhide, Scaly blue dragonhide, Superior dragon bones",47,141583,141583
864,"Blue dragonhide, Death rune, Red dragonhide, Scaly blue dragonhide, Superior dragon bones, Vorkath's head",430,137930,137930
865,"Blue dragonhide, Chaos rune, Emerald bolt tips, Superior dragon bones",709,98489,98489
866,"Blue dragonhide, Death rune, Rune longsword, Superior dragon bones",311,129690,129690
867,"Blue dragonhide, Chaos rune, Coins, Superior dragon bones",60818,182320,182320
868,"Blue dragonhide, Dragon platelegs, Dragon plateskirt, Superior dragon bones",6,351896,351896
869,"Blue dragonhide, Dragon battleaxe, Red dragonhide, Superior dragon bones",25,194555,194555
870,"Blue dragonhide, Loop half of key, Superior dragon bones, Wrath talisman",6,37878,37878
871,"Blue dragonhide, Dragon bones, Superior dragon bones",46,137088,137088
872,"Blue dragonhide, Diamond, Dragon bolts (unf), Superior dragon bones",89,99119,99119
873,"Battlestaff, Blue dragonhide, Emerald bolt tips, Scaly blue dragonhide, Superior dragon bones",46,127139,127139
874,"Blue dragonhide, Dragon dart tip, Magic logs, Scaly blue dragonhide, Superior dragon bones",79,115430,115430
875,"Blue dragonhide, Dragon bolts (unf), Dragon bones, Superior dragon bones",97,149938,149938
876,"Blue dragonhide, Dragon battleaxe, Ranarr seed, Superior dragon bones",6,173693,173693
877,"Adamantite ore, Blue dragonhide, Superior dragon bones",41,85526,85526
878,"Blue dragonhide, Death rune, Superior dragon bones",467,141654,141654
879,"Blue dragonhide, Onyx bolt tips, Superior dragon bones, Wrath talisman",13,99137,99137
880,"Blue dragonhide, Rune kiteshield, Superior dragon bones",37,176709,176709
881,"Adamantite ore, Blue dragonhide, Dragon bolts (unf), Superior dragon bones",121,118921,118921
882,"Blue dragonhide, Death rune, Superior dragon bones",517,150603,150603
883,"Blue dragonhide, Dragon dart tip, Scaly blue dragonhide, Superior dragon bones, Wrath talisman",52,96790,96790
884,"Adamantite ore, Blue dragonhide, Dragon bolts (unf), Superior dragon bones",117,114942,114942
885,"Blue dragonhide, Dragon plateskirt, Rune dart tip, Superior dragon bones",96,266128,266128
886,"Blue dragonhide, Dragon longsword, Snapdragon seed, Superior dragon bones",6,125334,125334
887,"Adamantite ore, Blue dragonhide, Death rune, Superior dragon bones",530,131329,131329
888,"Blue dragonhide, Dragon bolts (unf), Rune longsword, Superior dragon bones",60,123213,123213
889,"Adamantite ore, Blue dragonhide, Superior dragon bones",53,98412,98412
890,"Blue dragonhide, Coins, Superior dragon bones, Wrath talisman",64583,92985,92985
891,"Blue dragonhide, Dragon bones, Superior dragon bones",52,152726,152726
892,"Adamantite ore, Blue dragonhide, Dragon bolts (unf), Superior dragon bones",92,97816,97816
893,"Blue dragonhide, Coins, Dragonstone bolt tips, Superior dragon bones",3025,45125,45125
894,"Blue dragonhide, Red dragonhide, Rune longsword, Superior dragon bones",31,140222,140222
895,"Blue dragonhide, Death rune, Diamond bolt tips, Superior dragon bones",527,106589,106589
896,"Black dragonhide, Blue dragonhide, Superior dragon bones",59,156872,156872
897,"Blue dragonhide, Coins, Red dragonhide, Superior dragon bones",58515,136525,136525
898,"Blue dragonhide, Dragon longsword, Superior dragon bones, Wrath talisman",6,88213,88213
899,"Black dragonhide, Blue dragonhide, Manta ray, Superior dragon bones",76,165692,165692
900,"Blue dragonhide, Diamond bolt tips, Rune kiteshield, Superior dragon bones",35,129353,129353
901,"Blue dragonhide, Runite bar, Superior dragon bones, Torstol seed",6,48541,48541
902,"Blue dragonhide, Green dragonhide, Superior dragon bones",57,110888,110888
903,"Black dragonhide, Blue dragonhide, Chaos rune, Superior dragon bones",833,166809,166809
904,"Blue dragonhide, Dragon platelegs, Superior dragon bones",35,241820,241820
905,"Blue dragonhide, Chaos rune, Magic logs, Superior dragon bones",748,154190,154190
906,"Blue dragonhide, Dragonstone bolt tips, Superior dragon bones, Torstol seed",27,52616,52616
907,"Blue dragonhide, Dragon bolts (unf), Red dragonhide, Superior dragon bones",81,122347,122347
908,"Blue dragonhide, Grapes, Onyx bolt tips, Superior dragon bones",291,109189,109189
909,"Blue dragonhide, Dragonstone, Green dragonhide, Superior dragon bones",34,98464,98464
910,"Blue dragonhide, Green dragonhide, Red dragonhide, Superior dragon bones",55,120160,120160
911,"Battlestaff, Blue dragonhide, Dragon dart tip, Superior dragon bones",56,166742,166742
912,"Blue dragonhide, Chaos rune, Death rune, Superior dragon bones",1088,157104,157104
913,"Blue dragonhide, Dragon arrowtips, Rune dart tip, Superior dragon bones",121,139793,139793
914,"Blue dragonhide, Grapes, Red dragonhide, Superior dragon bones",310,86552,86552
915,"Blue dragonhide, Diamond, Dragon arrowtips, Superior dragon bones",43,79127,79127
916,"Blue dragonhide, Grapes, Rune kiteshield, Superior dragon bones",266,94130,94130
917,"Blue dragonhide, Dragon dart tip, Rune kiteshield, Superior dragon bones",50,152762,152762
918,"Adamantite ore, Blue dragonhide, Coins, Superior dragon bones",43725,92334,92334
919,"Adamantite ore, Blue dragonhide, Chaos rune, Superior dragon bones",931,147316,147316
920,"Blue dragonhide, Chaos rune, Superior dragon bones, Wrath rune",978,129876,129876
921,"Blue dragonhide, Magic logs, Superior dragon bones, Torstol seed",55,89753,89753
922,"Blue dragonhide, Coins, Dragon bolts (unf), Superior dragon bones",68113,151949,151949
923,"Blue dragonhide, Chaos rune, Magic logs, Superior dragon bones",942,168714,168714
924,"Adamantite ore, Blue dragonhide, Death rune, Scaly blue dragonhide, Superior dragon bones",396,104192,104192
925,"Blue dragonhide, Dragonstone, Manta ray, Superior dragon bones",62,136170,136170
926,"Blue dragonhide, Green dragonhide, Superior dragon bones",61,116565,116565
927,"Blue dragonhide, Dragon arrowtips, Onyx bolt tips, Superior dragon bones",59,299863,299863
928,"Blue dragonhide, Snapdragon seed, Superior dragon bones",34,118999,118999
929,"Blue dragonhide, Dragon platelegs, Silver ore, Superior dragon bones",105,198419,198419
930,"Battlestaff, Blue dragonhide, Onyx bolt tips, Superior dragon bones",25,220072,220072
931,"Blue dragonhide, Dragonstone, Red dragonhide, Superior dragon bones",30,136876,136876
932,"Blue dragonhide, Coins, Death rune, Superior dragon bones",45884,177859,177859
933,"Blue dragonhide, Rune dart tip, Superior dragon bones",186,235368,235368
934,"Blue dragonhide, Magic logs, Onyx bolt tips, Superior dragon bones",79,318834,318834
935,"Blue dragonhide, Dragon bolts (unf), Green dragonhide, Superior dragon bones",102,135114,135114
936,"Blue dragonhide, Green dragonhide, Scaly blue dragonhide, Superior dragon bones",61,138759,138759
937,"Blue dragonhide, Red dragonhide, Sapphire bolt tips, Scaly blue dragonhide, Superior dragon bones",55,108168,108168
938,"Blue dragonhide, Dragon platelegs, Rune longsword, Scaly blue dragonhide, Superior dragon bones",9,260385,260385
939,"Blue dragonhide, Grapes, Magic seed, Superior dragon bones",298,129349,129349
940,"Blue dragonhide, Dragon bolts (unf), Onyx bolt tips, Superior dragon bones",102,173683,173683
941,"Blue dragonhide, Dragonstone bolt tips, Rune longsword, Superior dragon bones",20,112288,112288
942,"Adamantite ore, Blue dragonhide, Green dragonhide, Superior dragon bones",59,105678,105678
943,"Blue dragonhide, Grapes, Manta ray, Superior dragon bones",302,104038,104038
944,"Blue dragonhide, Dragon bolts (unf), Dragon longsword, Superior dragon bones",74,153949,153949
945,"Blue dragonhide, Green dragonhide, Rune kiteshield, Superior dragon bones",34,145914,145914
946,"Blue dragonhide, Dragon bolts (unf), Dragon longsword, Scaly blue dragonhide, Superior dragon bones",106,178308,178308
947,"Blue dragonhide, Dragon bolts (unf), Superior dragon bones, Wrath rune",101,97639,97639
948,"Blue dragonhide, Superior dragon bones, Wrath rune",73,108632,108632
949,"Blue dragonhide, Chaos rune, Magic logs, Superior dragon bones",982,196580,196580
950,"Blue dragonhide, Dragonbone necklace, Dragonstone bolt tips, Superior dragon bones, Wrath talisman",32,130695,130695
951,"Blue dragonhide, Death rune, Dragon longsword, Superior dragon bones",436,186278,186278
952,"Blue dragonhide, Red dragonhide, Superior dragon bones, Wrath talisman",28,102375,102375
953,"Blue dragonhide, Dragon arrowtips, Rune longsword, Superior dragon bones",34,137955,137955
954,"Blue dragonhide, Manta ray, Superior dragon bones, Wrath rune",111,130633,130633
955,"Blue dragonhide, Coins, Emerald bolt tips, Superior dragon bones",78339,122049,122049
956,"Blue dragonhide, Dragon bones, Papaya tree seed, Superior dragon bones",25,123924,123924
957,"Blue dragonhide, Dragon battleaxe, Green dragonhide, Superior dragon bones",33,203051,203051
958,"Blue dragonhide, Diamond, Green dragonhide, Superior dragon bones",50,112853,112853
959,"Blue dragonhide, Dragonstone bolt tips, Magic logs, Superior dragon bones",68,112910,112910
960,"Adamantite ore, Blue dragonhide, Death rune, Superior dragon bones",438,140173,140173
961,"Blue dragonhide, Dragon bones, Dragonstone bolt tips, Superior dragon bones",35,130449,130449
962,"Blue dragonhide, Death rune, Magic logs, Superior dragon bones",408,167906,167906
963,"Blue dragonhide, Dragon bolts (unf), Grapes, Superior dragon bones",350,86438,86438
964,"Blue dragonhide, Emerald bolt tips, Green dragonhide, Superior dragon bones",58,79102,79102
965,"Blue dragonhide, Manta ray, Superior dragon bones",78,162664,162664
966,"Blue dragonhide, Dragon bolts (unf), Superior dragon bones, Teak seed",69,89487,89487
967,"Adamantite ore, Blue dragonhide, Dragon longsword, Superior dragon bones",19,112333,112333
968,"Blue dragonhide, Diamond, Superior dragon bones",47,121982,121982
969,"Blue dragonhide, Dragonstone, Rune longsword, Superior dragon bones",9,113824,113824
970,"Blue dragonhide, Magic logs, Sapphire bolt tips, Superior dragon bones",79,98829,98829
971,"Blue dragonhide, Dragon bolts (unf), Dragon plateskirt, Superior dragon bones",95,270277,270277
972,"Blue dragonhide, Dragon longsword, Green dragonhide, Scaly blue dragonhide, Superior dragon bones",32,138270,138270
973,"Battlestaff, Blue dragonhide, Dragon bolts (unf), Superior dragon bones",79,180098,180098
974,"Black dragonhide, Blue dragonhide, Manta ray, Superior dragon bones",62,167354,167354
975,"Blue dragonhide, Superior dragon bones, Tooth half of key, Wrath rune",38,62393,62393
976,"Blue dragonhide, Clue scroll (elite), Dragon longsword, Superior dragon bones, Wrath rune",49,114250,114250
977,"Blue dragonhide, Dragon dart tip, Rune dart tip, Superior dragon bones",132,216057,216057
978,"Blue dragonhide, Coins, Green dragonhide, Superior dragon bones",44352,121260,121260
979,"Battlestaff, Blue dragonhide, Superior dragon bones, Wrath rune",49,166675,166675
980,"Blue dragonhide, Death rune, Red dragonhide, Superior dragon bones",440,181352,181352
981,"Blue dragonhide, Dragon dart tip, Grapes, Superior dragon bones",301,62092,62092
982,"Blue dragonhide, Chaos rune, Rune kiteshield, Superior dragon bones",823,224235,224235
983,"Black dragonhide, Blue dragonhide, Green dragonhide, Superior dragon bones",52,148587,148587
984,"Blue dragonhide, Red dragonhide, Rune longsword, Superior dragon bones",27,150618,150618
985,"Blue dragonhide, Chaos rune, Dragon bolts (unf), Superior dragon bones",1085,210208,210208
986,"Blue dragonhide, Dragonstone bolt tips, Grapes, Superior dragon bones",315,64048,64048
987,"Blue dragonhide, Death rune, Diamond bolt tips, Superior dragon bones",524,143995,143995
988,"Blue dragonhide, Death rune, Red dragonhide, Superior dragon bones",437,185880,185880
989,"Battlestaff, Blue dragonhide, Diamond, Superior dragon bones",30,145367,145367
990,"Blue dragonhide, Coins, Rune kiteshield, Scaly blue dragonhide, Superior dragon bones",43348,181710,181710
991,"Blue dragonhide, Onyx bolt tips, Superior dragon bones, Wrath talisman",10,87065,87065
992,"Blue dragonhide, Death rune, Green dragonhide, Superior dragon bones",75,87595,87595
993,"Blue dragonhide, Dragon bolts (unf), Magic logs, Superior dragon bones",139,162347,162347
994,"Black dragonhide, Blue dragonhide, Superior dragon bones, Tooth half of key",29,131154,131154
995,"Blue dragonhide, Dragon bolts (unf), Dragon bones, Superior dragon bones",80,160389,160389
996,"Blue dragonhide, Dragon longsword, Manta ray, Superior dragon bones",42,156830,156830
997,"Blue dragonhide, Rune longsword, Sapphire bolt tips, Superior dragon bones",31,80272,80272
998,"Blue dragonhide, Coins, Diamond, Superior dragon bones",76726,142662,142662
999,"Blue dragonhide, Dragon bolts (unf), Snapdragon seed, Superior dragon bones",69,134037,134037
1000,"Black dragonhide, Blue dragonhide, Rune kiteshield, Superior dragon bones",24,165022,165022
1001,"Blue dragonhide, Chaos rune, Red dragonhide, Superior dragon bones",742,174124,174124
1002,"Blue dragonhide, Dragon arrowtips, Rune dart tip, Superior dragon bones",128,206121,206121
1003,"Blue dragonhide, Dragonstone, Magic logs, Superior dragon bones",57,132997,132997
1004,"Blue dragonhide, Diamond bolt tips, Superior dragon bones",32,46606,46606
1005,"Blue dragonhide, Green dragonhide, Rune longsword, Superior dragon bones",34,119046,119046
1006,"Blue dragonhide, Death rune, Red dragonhide, Superior dragon bones",387,170783,170783
1007,"Blue dragonhide, Chaos rune, Grapes, Superior dragon bones",922,113430,113430
